-- phpMyAdmin SQL Dump
-- version 5.2.1
-- https://www.phpmyadmin.net/
--
-- Host: 127.0.0.1
-- Generation Time: May 25, 2024 at 09:06 AM
-- Server version: 10.4.32-MariaDB
-- PHP Version: 8.1.25

SET SQL_MODE = "NO_AUTO_VALUE_ON_ZERO";
START TRANSACTION;
SET time_zone = "+00:00";


/*!40101 SET @OLD_CHARACTER_SET_CLIENT=@@CHARACTER_SET_CLIENT */;
/*!40101 SET @OLD_CHARACTER_SET_RESULTS=@@CHARACTER_SET_RESULTS */;
/*!40101 SET @OLD_COLLATION_CONNECTION=@@COLLATION_CONNECTION */;
/*!40101 SET NAMES utf8mb4 */;

--
-- Database: `food`
--

-- --------------------------------------------------------

--
-- Table structure for table `items`
--

CREATE TABLE `items` (
  `id` int(11) NOT NULL,
  `name` varchar(20) NOT NULL,
  `price` int(11) NOT NULL,
  `deleted` tinyint(4) NOT NULL DEFAULT 0,
  `image` blob NOT NULL
) ENGINE=InnoDB DEFAULT CHARSET=latin1 COLLATE=latin1_swedish_ci;

--
-- Dumping data for table `items`
--

INSERT INTO `items` (`id`, `name`, `price`, `deleted`, `image`) VALUES
(1, 'Chicken Biriyani', 100, 0, 0xffd8ffe000104a46494600010101006000600000fffe0020436f6d70726573736564206279206a7065672d7265636f6d707265737300ffe11f604578696600004d4d002a000000080009000b00020000002600000886011200030000000100010000011a000500000001000008ac011b000500000001000008b40128000300000001000200000131000200000026000008bc0132000200000014000008e28769000400000001000008f6ea1c00070000080c0000007a000011921cea00000008000000000000000000000000000000000000000000000000000000000000000000000000000000000000000000000000000000000000000000000000000000000000000000000000000000000000000000000000000000000000000000000000000000000000000000000000000000000000000000000000000000000000000000000000000000000000000000000000000000000000000000000000000000000000000000000000000000000000000000000000000000000000000000000000000000000000000000000000000000000000000000000000000000000000000000000000000000000000000000000000000000000000000000000000000000000000000000000000000000000000000000000000000000000000000000000000000000000000000000000000000000000000000000000000000000000000000000000000000000000000000000000000000000000000000000000000000000000000000000000000000000000000000000000000000000000000000000000000000000000000000000000000000000000000000000000000000000000000000000000000000000000000000000000000000000000000000000000000000000000000000000000000000000000000000000000000000000000000000000000000000000000000000000000000000000000000000000000000000000000000000000000000000000000000000000000000000000000000000000000000000000000000000000000000000000000000000000000000000000000000000000000000000000000000000000000000000000000000000000000000000000000000000000000000000000000000000000000000000000000000000000000000000000000000000000000000000000000000000000000000000000000000000000000000000000000000000000000000000000000000000000000000000000000000000000000000000000000000000000000000000000000000000000000000000000000000000000000000000000000000000000000000000000000000000000000000000000000000000000000000000000000000000000000000000000000000000000000000000000000000000000000000000000000000000000000000000000000000000000000000000000000000000000000000000000000000000000000000000000000000000000000000000000000000000000000000000000000000000000000000000000000000000000000000000000000000000000000000000000000000000000000000000000000000000000000000000000000000000000000000000000000000000000000000000000000000000000000000000000000000000000000000000000000000000000000000000000000000000000000000000000000000000000000000000000000000000000000000000000000000000000000000000000000000000000000000000000000000000000000000000000000000000000000000000000000000000000000000000000000000000000000000000000000000000000000000000000000000000000000000000000000000000000000000000000000000000000000000000000000000000000000000000000000000000000000000000000000000000000000000000000000000000000000000000000000000000000000000000000000000000000000000000000000000000000000000000000000000000000000000000000000000000000000000000000000000000000000000000000000000000000000000000000000000000000000000000000000000000000000000000000000000000000000000000000000000000000000000000000000000000000000000000000000000000000000000000000000000000000000000000000000000000000000000000000000000000000000000000000000000000000000000000000000000000000000000000000000000000000000000000000000000000000000000000000000000000000000000000000000000000000000000000000000000000000000000000000000000000000000000000000000000000000000000000000000000000000000000000000000000000000000000000000000000000000000000000000000000000000000000000000000000000000000000000000000000000000000000000000000000000000000000000000000000000000000000000000000000000000000000000000000000000000000000000000000000000000000000000000000000000000000000000000000000000000000000000000000000000000000000000000000000000000000000000000000000000000000000000000000000000000000000000000000000000000000000000000000000000000000000000000000000000000000000000000000000000000000000000000000000000000000000000000000000000000000000000000000000000000000000000000000000000000000000000000000000000000000000000000000000000000000000000000000000000000000000000000000000000000000000000000000000000000000000000000000000000000000000000000000000000000000000000000000000000000000000000000000000000000000000000000000000000000000000000000000000000000000000000000000000000000000000000000000000000000000000000000000000000000000000000000000000000000000000000000000000000000000000000000000000000000000000000000000000000000000000000000000000000000000000000000000000000000000000000057696e646f77732050686f746f20456469746f722031302e302e31303031312e3136333834000000006000000001000000600000000157696e646f77732050686f746f20456469746f722031302e302e31303031312e313633383400323032313a30323a31312031383a31333a303800000890030002000000140000116890040002000000140000117c929100020000000330300000929200020000000330300000a00100030000000100010000a0020004000000010000046ca003000400000001000002f3ea1c00070000080c0000095c000000001cea000000080000000000000000000000000000000000000000000000000000000000000000000000000000000000000000000000000000000000000000000000000000000000000000000000000000000000000000000000000000000000000000000000000000000000000000000000000000000000000000000000000000000000000000000000000000000000000000000000000000000000000000000000000000000000000000000000000000000000000000000000000000000000000000000000000000000000000000000000000000000000000000000000000000000000000000000000000000000000000000000000000000000000000000000000000000000000000000000000000000000000000000000000000000000000000000000000000000000000000000000000000000000000000000000000000000000000000000000000000000000000000000000000000000000000000000000000000000000000000000000000000000000000000000000000000000000000000000000000000000000000000000000000000000000000000000000000000000000000000000000000000000000000000000000000000000000000000000000000000000000000000000000000000000000000000000000000000000000000000000000000000000000000000000000000000000000000000000000000000000000000000000000000000000000000000000000000000000000000000000000000000000000000000000000000000000000000000000000000000000000000000000000000000000000000000000000000000000000000000000000000000000000000000000000000000000000000000000000000000000000000000000000000000000000000000000000000000000000000000000000000000000000000000000000000000000000000000000000000000000000000000000000000000000000000000000000000000000000000000000000000000000000000000000000000000000000000000000000000000000000000000000000000000000000000000000000000000000000000000000000000000000000000000000000000000000000000000000000000000000000000000000000000000000000000000000000000000000000000000000000000000000000000000000000000000000000000000000000000000000000000000000000000000000000000000000000000000000000000000000000000000000000000000000000000000000000000000000000000000000000000000000000000000000000000000000000000000000000000000000000000000000000000000000000000000000000000000000000000000000000000000000000000000000000000000000000000000000000000000000000000000000000000000000000000000000000000000000000000000000000000000000000000000000000000000000000000000000000000000000000000000000000000000000000000000000000000000000000000000000000000000000000000000000000000000000000000000000000000000000000000000000000000000000000000000000000000000000000000000000000000000000000000000000000000000000000000000000000000000000000000000000000000000000000000000000000000000000000000000000000000000000000000000000000000000000000000000000000000000000000000000000000000000000000000000000000000000000000000000000000000000000000000000000000000000000000000000000000000000000000000000000000000000000000000000000000000000000000000000000000000000000000000000000000000000000000000000000000000000000000000000000000000000000000000000000000000000000000000000000000000000000000000000000000000000000000000000000000000000000000000000000000000000000000000000000000000000000000000000000000000000000000000000000000000000000000000000000000000000000000000000000000000000000000000000000000000000000000000000000000000000000000000000000000000000000000000000000000000000000000000000000000000000000000000000000000000000000000000000000000000000000000000000000000000000000000000000000000000000000000000000000000000000000000000000000000000000000000000000000000000000000000000000000000000000000000000000000000000000000000000000000000000000000000000000000000000000000000000000000000000000000000000000000000000000000000000000000000000000000000000000000000000000000000000000000000000000000000000000000000000000000000000000000000000000000000000000000000000000000000000000000000000000000000000000000000000000000000000000000000000000000000000000000000000000000000000000000000000000000000000000000000000000000000000000000000000000000000000000000000000000000000000000000000000000000000000000000000000000000000000000000000000000000000000000000000000000000000000000000000000000000000000000000000000000000000000000000000000000000000000000000000000000000000000000000000000000000000000000000000000000000000000000000000000000000000000000000000000000000000000000000000000000000000000000000323032313a30323a31312031383a31323a353000323032313a30323a31312031383a31323a35300000000006010300030000000100060000011a000500000001000011e0011b000500000001000011e80128000300000001000200000201000400000001000011f0020200040000000100000d670000000000000060000000010000006000000001ffd8ffdb004300080606070605080707070909080a0c140d0c0b0b0c1912130f141d1a1f1e1d1a1c1c20242e2720222c231c1c2837292c30313434341f27393d38323c2e333432ffdb0043010909090c0b0c180d0d1832211c213232323232323232323232323232323232323232323232323232323232323232323232323232323232323232323232323232ffc00011080050005003012100021101031101ffc4001f0000010501010101010100000000000000000102030405060708090a0bffc400b5100002010303020403050504040000017d01020300041105122131410613516107227114328191a1082342b1c11552d1f02433627282090a161718191a25262728292a3435363738393a434445464748494a535455565758595a636465666768696a737475767778797a838485868788898a92939495969798999aa2a3a4a5a6a7a8a9aab2b3b4b5b6b7b8b9bac2c3c4c5c6c7c8c9cad2d3d4d5d6d7d8d9dae1e2e3e4e5e6e7e8e9eaf1f2f3f4f5f6f7f8f9faffc4001f0100030101010101010101010000000000000102030405060708090a0bffc400b51100020102040403040705040400010277000102031104052131061241510761711322328108144291a1b1c109233352f0156272d10a162434e125f11718191a262728292a35363738393a434445464748494a535455565758595a636465666768696a737475767778797a82838485868788898a92939495969798999aa2a3a4a5a6a7a8a9aab2b3b4b5b6b7b8b9bac2c3c4c5c6c7c8c9cad2d3d4d5d6d7d8d9dae2e3e4e5e6e7e8e9eaf2f3f4f5f6f7f8f9faffda000c03010002110311003f00f33b73e4c000cb38ebdf26b42d6c98dc01270dd70474ae8460cd0beb982ced996524215f9c01938e9923d2bb6f87de03b78f4c3e24d463ff0045588c905bbaed13e390f228fe1f41f8f4ebc75272753996cbf4124db4bb92f8867d5355d43ed50ce12118f2a0120da8bc9ff811e7d3818accb6d41ec74c97ec722adc79aaa000704af5ebd7ae3f0af96ab55d5939f99f594a9463154fc8ea8789af23125dc93021f1889949552401c77ed9fceb95bd9f5ad64dc5a43348b6f9db733c8db4cad9c14523a8fa003b7d75a58fa951f3d77eec5dfcfc91cb57070a6ad4d6b2d3fcd9a3178662d4bc2d71a1dbc623d506e9adaeb0001271843df6b74fae0f6af1e8f4dfb2c92fdbcb7dab7156cf383dc7b106be83018afad5153b5ada1e562a8fb0a8e28dcd2b44d475599974bb29ee8c672e624c84fa9e82ba887c25ae0d22f754bab5369159c4646fb40dace179214773ee78aecabcdc8d47738989e1bd02c7c4f75f6dbeb69934bb4027bdc91b6651f717af563fa035df7897c516975e543648f2dac209c47954650a0e4f1d06318c57878ac572e19526f57f95ff00e058eecbe8ba9352ec70f3c371aa18de7815b4c49ce260d86248e001c700ff00155fbc9159218acad6468c1302b7979c9039dcdc950718ce39fcabc59b49c527a2dfd4fa44eec875359a286ce0f3d12355f991b3e63e0704718033d7dab3bc3ef3adc5fb3dfa4d73e5f9ad12e447dc0da4f5edcf4c015549c7d836a3e7f8ff00c37e244e32735dbfe01b0d7d74f359cf661adde59e3f3daddb76e50470bc631d41ac6f885a20b7f12cf7d026d8751885c903a093255f1f88cfe35eee4ba52945773c1cc6eabebd8f72b3b2b6b488c16d0c31c08c7090c6154fe03bd61fc41b98f4ff0009ce1970b346e1813d4053c57b4d9e7f4389834f6d0fc3761e1fb7876cb246b77a8141c87907caa57fd9000fce9cb21b6d3b88d9255fba63f977b01cfb83fe35f1b99d4752bc92e8ff00aff33e9301878c69c67d5a216bb531f94f7092a49092637c2385e4f23a0c8e3f0ac937504d6ad2c13fd9a466202b13b370f71df2075fc3ad614693576969d8eaab1f69170bdae3e4926b8b9fb722c72c457805c10c14738e7b75c556d0605767d4255fdc3fdd8c0c9d838c9fcff5ad146d06979236724923a4d2ace4b7d46108f1b458dfb385e73c6475181c7bd5ef1cdac3fd95a74f2975315c344362e4e1c038ff00c74d7a9924f9a737e9fa9e2e6cadca773a60d57fb4f5196fda236ad281691a01fbb51c75ef938ac8f17c29ad788343d11be657b812cebfec28dcc3f218fc6bdd5cc97bdb9e298de2cba126b37b2af9a00fdd85518e47073fe735877864b8d36de38f67db50070b264e0938ea3db8f7af8bad38ceb4a5e6ff0033eb70f071a50f4fd0e3a6d416d3c597cf1cd81e60d8f904328c000fafa7351dc5a249e208d95a2b7172e01900c6c20e41049e848fd2bd18a7069db75f920d1ab9ab2c3756df68d396df6c8ccc77c03716ddd5b6fa673f4e9daba6d16dad34db2fb3b15568f2cae5f82d81c7afd715e6e265eed93dddfccdd6b1d099ef238eed628ae0fda10ee31850c4a7a36785c9e9920d5af1c133783c3c8763fdb222369cf255f8cfd2bd2c8612849dd6ebfe18f233569a5e47a6471ac806f6c60f1b4d711a3dc7da7e206ada94a0b259da909fef3be00fc971f8d7d24e564dbe878895da462bb89a797cd255e4666ca39c0ce71cf7c03d7eb54ad6202558ee86d1e6848e40e0938385e3b83d71e95f06f56f97b9f5f17a58e6fc4da16f99ae9bf756c76ab305de321b963df1c8c556d32ccdd323b3af936d8c2e060e0f2f8efdb38e78af4e15d7b14f7b1118b9367428ccde65e4410ec8995a69010a0939627af04fe55049ad33e7c89add638e401b2772b7190ca7d3db8ae0f65cf2bb5b1d14d2d98fb4d09b52d664beb6f9a6b98c1930e51140fe2f707fa574fe394cf876c6df2b96b90e491c1d887fab57b993be79c9b7b248f1336b45463f33cecfc6af11c376d2d9c36b14249fdc3440a0f7e39cfe35a7e12bfd4f5fd0754d46665595350854aa2e04836bf079e809fd6bd4c7eb869bdb43cfc224abc6fdce97cf8dd205c2bb38dac00c06007a53a6b69958ddc7f2b84dca186e2b9e471ebd718f5af87b4b7b1f4f751b27d4adaf4cff00d9ed33346a4246ec368cb0cf2b8ebd4f5f7ae6ac6369357d434d780fd860904a1a4c9122b60f97e9819c7d0576d36f924df4d57e16fccce3a5add7437ad26df085368968247f2502a1c8c824727a8c034ad1696d6df69462c77287008cfa64f3f4ae4719c65eebba7d4d69d4738a6d59f534a0ba8ecefa3b28e26564428c075652719f75e98ab3e2d9434f691b48912c10f98d9fe12c738ffbe42d7bf902f7e77f2fd4f17384d28bee78d5b6991057531f0dc671dbad7a67c35b2171e1bd72c6048c4c8d1c91b10014e1be6fd39f5af7b174f9f0f28a57d0f2a8cf96a26fb915f4cd0dd848d65f2e5c06564c14391f2e3d49efdab3f52f113db6a51edb3668e54d8a589195cf1cf50383915f1b4e8a6dabd8faa72ba4cc5b99e6bcb378622d35c3b1f2f73f5e73fa735d36832b476f7177730ba3c92e1622019250400703d3a55d582706af67afe9fe46adaba48d2d5a6b9b7d3e696d2e990ed05210465810c0e54f39ce0fa718ae7534b124c55c219234f2a40e380a464e0f622b9a9cbd9d357dff00aff31d3b6ad1dd786b4fdc8b35ff0094d1c312289cf5f941dcc7db1ce3a715cdcfa847aa5f5edf95244f2b322c89d87000fc303f1afa7c960bd87b44adcc7cde6b26eb725f63894530a6ef97e73b0826bb5f8557eb6de2db8b52ff00f1f76e57fe048770fd3757b325a1e723b3f1ee9f03c76d76411248e10328e43763fe7d2bccf5bd1ae2f0db4a8f990644b8ced600e063fda239af92c538d1c5c9bdbfe06a7d1609ce5462d7a1b9e1dd22d74c82e27908678c28de47099ec3d7bfe3daa5d46da3bf81638e1549801991caee8f0474207ae077eb5e64ab373e73bb95a936451c423b348caa497084991986e719209c739c038e335634fb7ba9bc8d364613b48d90e06c565c8c965e46ec83df807a51092a92b5aededfd7ccb9ae557be8b5353c5da82e8fa041a34040b8bc8cab1181b221f79bfe04781ec0d71ed791a4a223e6315c12720607f7bf106bee30d4952a5182e88f91af3752a397739a919be50570411906a5b1be9f47beb5d52d89df6d32b818fbc0751f88c8fc6ba5ea648f74d627b7d6fc3115cdb177b59156e164460081e873f88e3b8af39f10ea09a7d9dd5c963f65571bbcbea338c0c7e27f2af92cd29b9e2d47abb1f41965451a2dbd95c6786f5517f662e36b8b69b791e6b83c64f53fde18e9e8d52ddc73fd87c9792794dc0ca9fb8c8490700fb1f5f4af2aaa54eaf2be8cf4a949548f32ea41665eeeef7df4a23b9b741f2a282652475dbd49383ea320575e9359785f413ad6a80a48cb8f2c7df673d235f73dcf61cd7a597e179b129db489e6e2719cd86bade5a1e7b7bab4fa95d4fa95db032dc12005fb8abd02fb281c7ffaea93cee5965c99249461f0981c0183f90afad3c05b9490c5e59595a50723ee0073efcf4c54e3ec8b115df3fce39c6093f87bff003abd45d0ddf0778cedfc2b72da1ea92c8744b83b96671cdb3b1ebc7f01efe879f5aee35df07e9bac69d2ac6dbe19c2b6d46f96519c8c30e08f43ef5e3e65837524ab41da513bb0b89f67783d99cf4da25ce90b6c96f6524db24d8238c0c640c678faf3dab76dfc3f24ebe7cfbe263cac729e9edc7a57ce470388ad2bdadb9edd4c6d284534fe44171a9e8fe04d3c1d4e659b519be648215fdfcc7b055fe15ff69b03f9579beb9adea5afdf0bfd455576e520b446f92d57dbfbc4f73d4e2bebf0d41528248f99bbb24caf6b33cf68619482ac369603a7e15a165388add0488c30b82bd718e01cf7e0735d48967fffd900ffe134f7687474703a2f2f6e732e61646f62652e636f6d2f7861702f312e302f003c3f787061636b657420626567696e3d27efbbbf272069643d2757354d304d7043656869487a7265537a4e54637a6b633964273f3e0d0a3c783a786d706d65746120786d6c6e733a783d2261646f62653a6e733a6d6574612f223e0d0a093c7264663a52444620786d6c6e733a7264663d22687474703a2f2f7777772e77332e6f72672f313939392f30322f32322d7264662d73796e7461782d6e7323223e0d0a09093c7264663a4465736372697074696f6e207264663a61626f75743d222220786d6c6e733a4174747269623d22687474703a2f2f6e732e6174747269627574696f6e2e636f6d2f6164732f312e302f223e0d0a0909093c4174747269623a4164733e0d0a090909093c7264663a5365713e0d0a09090909093c7264663a6c69207264663a7061727365547970653d225265736f75726365223e0d0a0909090909093c4174747269623a437265617465643e323032312d30322d31313c2f4174747269623a437265617465643e0d0a0909090909093c4174747269623a45787449643e35383230313165332d386636612d343935372d383966632d3838613832303033323061613c2f4174747269623a45787449643e0d0a0909090909093c4174747269623a466249643e3532353236353931343137393538303c2f4174747269623a466249643e0d0a0909090909093c4174747269623a546f756368547970653e323c2f4174747269623a546f756368547970653e0d0a09090909093c2f7264663a6c693e0d0a090909093c2f7264663a5365713e0d0a0909093c2f4174747269623a4164733e0d0a09093c2f7264663a4465736372697074696f6e3e0d0a09093c7264663a4465736372697074696f6e207264663a61626f75743d222220786d6c6e733a64633d22687474703a2f2f7075726c2e6f72672f64632f656c656d656e74732f312e312f223e0d0a0909093c64633a7469746c653e0d0a090909093c7264663a416c743e0d0a09090909093c7264663a6c6920786d6c3a6c616e673d22782d64656661756c74223e636862697279616e693c2f7264663a6c693e0d0a090909093c2f7264663a416c743e0d0a0909093c2f64633a7469746c653e0d0a09093c2f7264663a4465736372697074696f6e3e0d0a09093c7264663a4465736372697074696f6e207264663a61626f75743d222220786d6c6e733a7064663d22687474703a2f2f6e732e61646f62652e636f6d2f7064662f312e332f223e0d0a0909093c7064663a417574686f723e737265656b616e7468206a657474693c2f7064663a417574686f723e0d0a09093c2f7264663a4465736372697074696f6e3e0d0a09093c7264663a4465736372697074696f6e207264663a61626f75743d222220786d6c6e733a786d703d22687474703a2f2f6e732e61646f62652e636f6d2f7861702f312e302f223e0d0a0909093c786d703a43726561746f72546f6f6c3e57696e646f77732050686f746f20456469746f722031302e302e31303031312e31363338343c2f786d703a43726561746f72546f6f6c3e0d0a0909093c786d703a437265617465446174653e323032312d30322d31315431383a31323a35303c2f786d703a437265617465446174653e3c2f7264663a4465736372697074696f6e3e0d0a093c2f7264663a5244463e0d0a3c2f783a786d706d6574613e0d0a202020202020202020202020202020202020202020202020202020202020202020202020202020202020202020202020202020202020202020202020202020202020202020202020202020202020202020202020202020202020202020202020202020200a202020202020202020202020202020202020202020202020202020202020202020202020202020202020202020202020202020202020202020202020202020202020202020202020202020202020202020202020202020202020202020202020202020200a202020202020202020202020202020202020202020202020202020202020202020202020202020202020202020202020202020202020202020202020202020202020202020202020202020202020202020202020202020202020202020202020202020200a202020202020202020202020202020202020202020202020202020202020202020202020202020202020202020202020202020202020202020202020202020202020202020202020202020202020202020202020202020202020202020202020202020200a202020202020202020202020202020202020202020202020202020202020202020202020202020202020202020202020202020202020202020202020202020202020202020202020202020202020202020202020202020202020202020202020202020200a202020202020202020202020202020202020202020202020202020202020202020202020202020202020202020202020202020202020202020202020202020202020202020202020202020202020202020202020202020202020202020202020202020200a202020202020202020202020202020202020202020202020202020202020202020202020202020202020202020202020202020202020202020202020202020202020202020202020202020202020202020202020202020202020202020202020202020200a202020202020202020202020202020202020202020202020202020202020202020202020202020202020202020202020202020202020202020202020202020202020202020202020202020202020202020202020202020202020202020202020202020200a202020202020202020202020202020202020202020202020202020202020202020202020202020202020202020202020202020202020202020202020202020202020202020202020202020202020202020202020202020202020202020202020202020200a202020202020202020202020202020202020202020202020202020202020202020202020202020202020202020202020202020202020202020202020202020202020202020202020202020202020202020202020202020202020202020202020202020200a202020202020202020202020202020202020202020202020202020202020202020202020202020202020202020202020202020202020202020202020202020202020202020202020202020202020202020202020202020202020202020202020202020200a202020202020202020202020202020202020202020202020202020202020202020202020202020202020202020202020202020202020202020202020202020202020202020202020202020202020202020202020202020202020202020202020202020200a202020202020202020202020202020202020202020202020202020202020202020202020202020202020202020202020202020202020202020202020202020202020202020202020202020202020202020202020202020202020202020202020202020200a202020202020202020202020202020202020202020202020202020202020202020202020202020202020202020202020202020202020202020202020202020202020202020202020202020202020202020202020202020202020202020202020202020200a202020202020202020202020202020202020202020202020202020202020202020202020202020202020202020202020202020202020202020202020202020202020202020202020202020202020202020202020202020202020202020202020202020200a202020202020202020202020202020202020202020202020202020202020202020202020202020202020202020202020202020202020202020202020202020202020202020202020202020202020202020202020202020202020202020202020202020200a202020202020202020202020202020202020202020202020202020202020202020202020202020202020202020202020202020202020202020202020202020202020202020202020202020202020202020202020202020202020202020202020202020200a202020202020202020202020202020202020202020202020202020202020202020202020202020202020202020202020202020202020202020202020202020202020202020202020202020202020202020202020202020202020202020202020202020200a202020202020202020202020202020202020202020202020202020202020202020202020202020202020202020202020202020202020202020202020202020202020202020202020202020202020202020202020202020202020202020202020202020200a202020202020202020202020202020202020202020202020202020202020202020202020202020202020202020202020202020202020202020202020202020202020202020202020202020202020202020202020202020202020202020202020202020200a202020202020202020202020202020202020202020202020202020202020202020202020202020202020202020202020202020202020202020202020202020202020202020202020202020202020202020202020202020202020202020202020202020200a202020202020202020202020202020202020202020202020202020202020202020202020202020202020202020202020202020202020202020202020202020202020202020202020202020202020202020202020202020202020202020202020202020200a202020202020202020202020202020202020202020202020202020202020202020202020202020202020202020202020202020202020202020202020202020202020202020202020202020202020202020202020202020202020202020202020202020200a202020202020202020202020202020202020202020202020202020202020202020202020202020202020202020202020202020202020202020202020202020202020202020202020202020202020202020202020202020202020202020202020202020200a202020202020202020202020202020202020202020202020202020202020202020202020202020202020202020202020202020202020202020202020202020202020202020202020202020202020202020202020202020202020202020202020202020200a202020202020202020202020202020202020202020202020202020202020202020202020202020202020202020202020202020202020202020202020202020202020202020202020202020202020202020202020202020202020202020202020202020200a202020202020202020202020202020202020202020202020202020202020202020202020202020202020202020202020202020202020202020202020202020202020202020202020202020202020202020202020202020202020202020202020202020200a202020202020202020202020202020202020202020202020202020202020202020202020202020202020202020202020202020202020202020202020202020202020202020202020202020202020202020202020202020202020202020202020202020200a202020202020202020202020202020202020202020202020202020202020202020202020202020202020202020202020202020202020202020202020202020202020202020202020202020202020202020202020202020202020202020202020202020200a202020202020202020202020202020202020202020202020202020202020202020202020202020202020202020202020202020202020202020202020202020202020202020202020202020202020202020202020202020202020202020202020202020200a202020202020202020202020202020202020202020202020202020202020202020202020202020202020202020202020202020202020202020202020202020202020202020202020202020202020202020202020202020202020202020202020202020200a202020202020202020202020202020202020202020202020202020202020202020202020202020202020202020202020202020202020202020202020202020202020202020202020202020202020202020202020202020202020202020202020202020200a202020202020202020202020202020202020202020202020202020202020202020202020202020202020202020202020202020202020202020202020202020202020202020202020202020202020202020202020202020202020202020202020202020200a202020202020202020202020202020202020202020202020202020202020202020202020202020202020202020202020202020202020202020202020202020202020202020202020202020202020202020202020202020202020202020202020202020200a202020202020202020202020202020202020202020202020202020202020202020202020202020202020202020202020202020202020202020202020202020202020202020202020202020202020202020202020202020202020202020202020202020200a202020202020202020202020202020202020202020202020202020202020202020202020202020202020202020202020202020202020202020202020202020202020202020202020202020202020202020202020202020202020202020202020202020200a202020202020202020202020202020202020202020202020202020202020202020202020202020202020202020202020202020202020202020202020202020202020202020202020202020202020202020202020202020202020202020202020202020200a202020202020202020202020202020202020202020202020202020202020202020202020202020202020202020202020202020202020202020202020202020202020202020202020202020202020202020202020202020202020202020202020202020200a202020202020202020202020202020202020202020202020202020202020202020202020202020202020202020202020202020202020202020202020202020202020202020202020202020202020202020202020202020202020202020202020202020200a202020202020202020202020202020202020202020202020202020202020202020202020202020202020202020202020202020202020202020202020202020202020202020202020202020202020202020202020202020202020202020202020202020200a202020202020202020202020202020202020202020202020202020202020202020202020202020202020202020202020202020202020202020202020202020202020202020202020202020202020202020202020202020202020202020202020202020200a202020202020202020202020202020202020202020202020202020202020202020202020202020202020202020202020202020202020202020202020202020202020202020202020202020202020202020202020202020202020202020202020202020200a202020202020202020202020202020202020202020202020202020202020202020202020202020202020202020202020202020202020202020202020202020202020202020202020202020202020202020202020202020202020202020202020202020200a202020202020202020202020202020202020202020202020202020202020202020202020202020202020202020202020202020202020202020202020202020202020202020202020202020202020202020202020202020202020202020202020202020200a202020202020202020202020202020202020202020202020202020202020202020202020202020202020202020202020202020202020202020202020202020202020202020202020202020202020202020202020202020202020202020202020202020200a202020202020202020202020202020202020202020202020202020202020202020202020202020202020202020202020202020202020202020202020202020202020202020202020202020202020202020202020202020202020202020202020202020200a202020202020202020202020202020202020202020202020202020202020202020202020202020202020202020202020202020202020202020202020202020202020202020202020202020202020202020202020202020202020202020202020202020200a202020202020202020202020202020202020202020202020202020202020202020202020202020202020202020202020202020202020202020202020202020202020202020202020202020202020202020202020202020202020202020202020202020200a202020202020202020202020202020202020202020202020202020202020202020202020202020202020202020202020202020202020202020202020202020202020202020202020202020202020202020202020202020202020202020202020202020200a202020202020202020202020202020202020202020202020202020202020202020202020202020202020202020202020202020202020202020202020202020202020202020202020202020202020202020202020202020202020202020202020202020200a202020202020202020202020202020202020202020202020202020202020202020202020202020202020202020202020202020202020202020202020202020202020202020202020202020202020202020202020202020202020202020202020202020200a202020202020202020202020202020202020202020202020202020202020202020202020202020202020202020202020202020202020202020202020202020202020202020202020202020202020202020202020202020202020202020202020202020200a202020202020202020202020202020202020202020202020202020202020202020202020202020202020202020202020202020202020202020202020202020202020202020202020202020202020202020202020202020202020202020202020202020200a202020202020202020202020202020202020202020202020202020202020202020202020202020202020202020202020202020202020202020202020202020202020202020202020202020202020202020202020202020202020202020202020202020200a202020202020202020202020202020202020202020202020202020202020202020202020202020202020202020202020202020202020202020202020202020202020202020202020202020202020202020202020202020202020202020202020202020200a202020202020202020202020202020202020202020202020202020202020202020202020202020202020202020202020202020202020202020202020202020202020202020202020202020202020202020202020202020202020202020202020202020200a202020202020202020202020202020202020202020202020202020202020202020202020202020202020202020202020202020202020202020202020202020202020202020202020202020202020202020202020202020202020202020202020202020200a202020202020202020202020202020202020202020202020202020202020202020202020202020202020202020202020202020202020202020202020202020202020202020202020202020202020202020202020202020202020202020202020202020200a202020202020202020202020202020202020202020202020202020202020202020202020202020202020202020202020202020202020202020202020202020202020202020202020202020202020202020202020202020202020202020202020202020200a202020202020202020202020202020202020202020202020202020202020202020202020202020202020202020202020202020202020202020202020202020202020202020202020202020202020202020202020202020202020202020202020202020200a202020202020202020202020202020202020202020202020202020202020202020202020202020202020202020202020202020202020202020202020202020202020202020202020202020202020202020202020202020202020202020202020202020200a202020202020202020202020202020202020202020202020202020202020202020202020202020202020202020202020202020202020202020202020202020202020202020202020202020202020202020202020202020202020202020202020202020200a202020202020202020202020202020202020202020202020202020202020202020202020202020202020202020202020202020202020202020202020202020202020202020202020202020202020202020202020202020202020202020202020202020200a202020202020202020202020202020202020202020202020202020202020202020202020202020202020202020202020202020202020202020202020202020202020202020202020202020202020202020202020202020202020202020202020202020200a202020202020202020202020202020202020202020202020202020202020202020202020202020202020202020202020202020202020202020202020202020202020202020202020202020202020202020202020202020202020202020202020202020200a202020202020202020202020202020202020202020202020202020202020202020202020202020202020202020202020202020202020202020202020202020202020202020202020202020202020202020202020202020202020202020202020202020200a202020202020202020202020202020202020202020202020202020202020202020202020202020202020202020202020202020202020202020202020202020202020202020202020202020202020202020202020202020202020202020202020202020200a202020202020202020202020202020202020202020202020202020202020202020202020202020202020202020202020202020202020202020202020202020202020202020202020202020202020202020202020202020202020202020202020202020200a202020202020202020202020202020202020202020202020202020202020202020202020202020202020202020202020202020202020202020202020202020202020202020202020202020202020202020202020202020202020202020202020202020200a202020202020202020202020202020202020202020202020202020202020202020202020202020202020202020202020202020202020202020202020202020202020202020202020202020202020202020202020202020202020202020202020202020200a202020202020202020202020202020202020202020202020202020202020202020202020202020202020202020202020202020202020202020202020202020202020202020202020202020202020202020202020202020202020202020202020202020200a202020202020202020202020202020202020202020202020202020202020202020202020202020202020202020202020202020202020202020202020202020202020202020202020202020202020202020202020202020202020202020202020202020200a202020202020202020202020202020202020202020202020202020202020202020202020202020202020202020202020202020202020202020202020202020202020202020202020202020202020202020202020202020202020202020202020202020200a202020202020202020202020202020202020202020202020202020202020202020202020202020202020202020202020202020202020202020202020202020202020202020202020202020202020202020202020202020202020202020202020202020200a202020202020202020202020202020202020202020202020202020202020202020202020202020202020202020202020202020202020202020202020202020202020202020202020202020202020202020202020202020202020202020202020202020200a202020202020202020202020202020202020202020202020202020202020202020202020202020202020202020202020202020202020202020202020202020202020202020202020202020202020202020202020202020202020202020202020202020200a202020202020202020202020202020202020202020202020202020202020202020202020202020202020202020202020202020202020202020202020202020202020202020202020202020202020202020202020202020202020202020202020202020200a202020202020202020202020202020202020202020202020202020202020202020202020202020202020202020202020202020202020202020202020202020202020202020202020202020202020202020202020202020202020202020202020202020200a202020202020202020202020202020202020202020202020202020202020202020202020202020202020202020202020202020202020202020202020202020202020202020202020202020202020202020202020202020202020202020202020202020200a202020202020202020202020202020202020202020202020202020202020202020202020202020202020202020202020202020202020202020202020202020202020202020202020202020202020202020202020202020202020202020202020202020200a202020202020202020202020202020202020202020202020202020202020202020202020202020202020202020202020202020202020202020202020202020202020202020202020202020202020202020202020202020202020202020202020202020200a202020202020202020202020202020202020202020202020202020202020202020202020202020202020202020202020202020202020202020202020202020202020202020202020202020202020202020202020202020202020202020202020202020200a202020202020202020202020202020202020202020202020202020202020202020202020202020202020202020202020202020202020202020202020202020202020202020202020202020202020202020202020202020202020202020202020202020200a202020202020202020202020202020202020202020202020202020202020202020202020202020202020202020202020202020202020202020202020202020202020202020202020202020202020202020202020202020202020202020202020202020200a202020202020202020202020202020202020202020202020202020202020202020202020202020202020202020202020202020202020202020202020202020202020202020202020202020202020202020202020202020202020202020202020202020200a202020202020202020202020202020202020202020202020202020202020202020202020202020202020202020202020202020202020202020202020202020202020202020202020202020202020202020202020202020202020202020202020202020200a202020202020202020202020202020202020202020202020202020202020202020202020202020202020202020202020202020202020202020202020202020202020202020202020202020202020202020202020202020202020202020202020202020200a202020202020202020202020202020202020202020202020202020202020202020202020202020202020202020202020202020202020202020202020202020202020202020202020202020202020202020202020202020202020202020202020202020200a202020202020202020202020202020202020202020202020202020202020202020202020202020202020202020202020202020202020202020202020202020202020202020202020202020202020202020202020202020202020202020202020202020200a202020202020202020202020202020202020202020202020202020202020202020202020202020202020202020202020202020202020202020202020202020202020202020202020202020202020202020202020202020202020202020202020202020200a202020202020202020202020202020202020202020202020202020202020202020202020202020202020202020202020202020202020202020202020202020202020202020202020202020202020202020202020202020202020202020202020202020200a202020202020202020202020202020202020202020202020202020202020202020202020202020202020202020202020202020202020202020202020202020202020202020202020202020202020202020202020202020202020202020202020202020200a202020202020202020202020202020202020202020202020202020202020202020202020202020202020202020202020202020202020202020202020202020202020202020202020202020202020202020202020202020202020202020202020202020200a202020202020202020202020202020202020202020202020202020202020202020202020202020202020202020202020202020202020202020202020202020202020202020202020202020202020202020202020202020202020202020202020202020200a202020202020202020202020202020202020202020202020202020202020202020202020202020202020202020202020202020202020202020202020202020202020202020202020202020202020202020202020202020202020202020202020202020200a202020202020202020202020202020202020202020202020202020202020202020202020202020202020202020202020202020202020202020202020202020202020202020202020202020202020202020202020202020202020202020202020202020200a202020202020202020202020202020202020202020202020202020202020202020202020202020202020202020202020202020202020202020202020202020202020202020202020202020202020202020202020202020202020202020202020202020200a202020202020202020202020202020202020202020202020202020202020202020202020202020202020202020202020202020202020202020202020202020202020202020202020202020202020202020202020202020202020202020202020202020200a202020202020202020202020202020202020202020202020202020202020202020202020202020202020202020202020202020202020202020202020202020202020202020202020202020202020202020202020202020202020202020202020202020200a202020202020202020202020202020202020202020202020202020202020202020202020202020202020202020202020202020202020202020202020202020202020202020202020202020202020202020202020202020202020202020202020202020200a202020202020202020202020202020202020202020202020202020202020202020202020202020202020202020202020202020202020202020202020202020202020202020202020202020202020202020202020202020202020202020202020202020200a202020202020202020202020202020202020202020202020202020202020202020202020202020202020202020202020202020202020202020202020202020202020202020202020202020202020202020202020202020202020202020202020202020200a202020202020202020202020202020202020202020202020202020202020202020202020202020202020202020202020202020202020202020202020202020202020202020202020202020202020202020202020202020202020202020202020202020200a202020202020202020202020202020202020202020202020202020202020202020202020202020202020202020202020202020202020202020202020202020202020202020202020202020202020202020202020202020202020202020202020202020200a202020202020202020202020202020202020202020202020202020202020202020202020202020202020202020202020202020202020202020202020202020202020202020202020202020202020202020202020202020202020202020202020202020200a202020202020202020202020202020202020202020202020202020202020202020202020202020202020202020202020202020202020202020202020202020202020202020202020202020202020202020202020202020202020202020202020202020200a202020202020202020202020202020202020202020202020202020202020202020202020202020202020202020202020202020202020202020202020202020202020202020202020202020202020202020202020202020202020202020202020202020200a202020202020202020202020202020202020202020202020202020202020202020202020202020202020202020202020202020202020202020202020202020202020202020202020202020202020202020202020202020202020202020202020202020200a202020202020202020202020202020202020202020202020202020202020202020202020202020202020202020202020202020202020202020202020202020202020202020202020202020202020202020202020202020202020202020202020202020200a202020202020202020202020202020202020202020202020202020202020202020202020202020202020202020202020202020202020202020202020202020202020202020202020202020202020202020202020202020202020202020202020202020200a202020202020202020202020202020202020202020202020202020202020202020202020202020202020202020202020202020202020202020202020202020202020202020202020202020202020202020202020202020202020202020202020202020200a202020202020202020202020202020202020202020202020202020202020202020202020202020202020202020202020202020202020202020202020202020202020202020202020202020202020202020202020202020202020202020202020202020200a202020202020202020202020202020202020202020202020202020202020202020202020202020202020202020202020202020202020202020202020202020202020202020202020202020202020202020202020202020202020202020202020202020200a202020202020202020202020202020202020202020202020202020202020202020202020202020202020202020202020202020202020202020202020202020202020202020202020202020202020202020202020202020202020202020202020202020200a202020202020202020202020202020202020202020202020202020202020202020202020202020202020202020202020202020202020202020202020202020202020202020202020202020202020202020202020202020202020202020202020202020200a202020202020202020202020202020202020202020202020202020202020202020202020202020202020202020202020202020202020202020202020202020202020202020202020202020202020202020202020202020202020202020202020202020200a202020202020202020202020202020202020202020202020202020202020202020202020202020202020202020202020202020202020202020202020202020202020202020202020202020202020202020202020202020202020202020202020202020200a202020202020202020202020202020202020202020202020202020202020202020202020202020202020202020202020202020202020202020202020202020202020202020202020202020202020202020202020202020202020202020202020202020200a202020202020202020202020202020202020202020202020202020202020202020202020202020202020202020202020202020202020202020202020202020202020202020202020202020202020202020202020202020202020202020202020202020200a202020202020202020202020202020202020202020202020202020202020202020202020202020202020202020202020202020202020202020202020202020202020202020202020202020202020202020202020202020202020202020202020202020200a202020202020202020202020202020202020202020202020202020202020202020202020202020202020202020202020202020202020202020202020202020202020202020202020202020202020202020202020202020202020202020202020202020200a202020202020202020202020202020202020202020202020202020202020202020202020202020202020202020202020202020202020202020202020202020202020203c3f787061636b657420656e643d2777273f3effdb0043000201010201010202020202020202030503030303030604040305070607070706070708090b0908080a0807070a0d0a0a0b0c0c0c0c07090e0f0d0c0e0b0c0c0cffdb004301020202030303060303060c0807080c0c0c0c0c0c0c0c0c0c0c0c0c0c0c0c0c0c0c0c0c0c0c0c0c0c0c0c0c0c0c0c0c0c0c0c0c0c0c0c0c0c0c0c0c0c0c0c0c0cffc00011080050005003012200021101031101ffc4001f0000010501010101010100000000000000000102030405060708090a0bffc400b5100002010303020403050504040000017d01020300041105122131410613516107227114328191a1082342b1c11552d1f02433627282090a161718191a25262728292a3435363738393a434445464748494a535455565758595a636465666768696a737475767778797a838485868788898a92939495969798999aa2a3a4a5a6a7a8a9aab2b3b4b5b6b7b8b9bac2c3c4c5c6c7c8c9cad2d3d4d5d6d7d8d9dae1e2e3e4e5e6e7e8e9eaf1f2f3f4f5f6f7f8f9faffc4001f0100030101010101010101010000000000000102030405060708090a0bffc400b51100020102040403040705040400010277000102031104052131061241510761711322328108144291a1b1c109233352f0156272d10a162434e125f11718191a262728292a35363738393a434445464748494a535455565758595a636465666768696a737475767778797a82838485868788898a92939495969798999aa2a3a4a5a6a7a8a9aab2b3b4b5b6b7b8b9bac2c3c4c5c6c7c8c9cad2d3d4d5d6d7d8d9dae2e3e4e5e6e7e8e9eaf2f3f4f5f6f7f8f9faffda000c03010002110311003f00fccff064a3c31e1a8e350f7779195560577f9b231e76f7c0e9d39c57a17817e175c5cf8a235bfdd1dcfcb2ec917fd50ea0feb9ad0f801fb2e78efe3f6bd3dbfc3af08f883c593692eb2dd3e9b68654b23db7c8708991c8527279c035f507877fe09e1f1860f819e34f88de24f0db783f4cf01e9b36a370baec6d6b757d15be19a1b789865e42a1b0ed88f81c92463dbc4e2161a8baae2e56d92ddff5e67ced4a9fca7867c56f1a691f0dbc257306a4ed159c96c7ed4b1c4666f2c8d9e6b2e47c9cf4380dd064d7daff00f047bff824ae87a37c1f7f8fde3cb00de17b7d324d4b44d0af2dbecf0789150974bebe8107fa8c05114441dc7e76cae03789fec4bfb23f83ff006eaf1a7fc25be31f0feb363f0c3c170c7af78cbcd655b6d72d90ab5a5bfdff0099e775e79e2289fbb2d7df7fb6ff00ede7e1af1eb697a4f846cef358f0be871c9314b1df6961736c902b8760133e5c7b044b12a1249e0600c7e4b9f719e1b0f86866b5aa3f6cd5a34ae93bb6d79be58d9b6efadacf5691ef70bf0de2338c4c23493e457727d1256f3eaddbe77d933c1bf6c7f167c47f8fdf13bfe122d2f5986cf45882ae97a2aea0ad67636ff3be5bbcf213290c76a84454e40008f31f05fc5fbbf857f087543e13beb5b7d7d75382d5228e190452cb06d69b890fcc1558af248c4609e0e2b17c53e19d7be3ccfa75d6b1a35adcfc33b1d6e62baaa5c08aea779632161442176c6b206fdf12002c54e36815de7c46d621bfd3b49d37c27e1bd52eb4f4924d0ada6162b2f9f222b2b8b89c8692d6397cb2824280b90a7206d27f9a331c757ad56353173e6a937ccdab24adaa8c9f7d2cd5a365e8edfd6982cbf0f422b094e2b922946dd2feaef7befaebbdcfa2a0fdb93c55a3477fe26bed55664d4557cad3a6b779ad6d667448f2a7862a594ca0e76e379e0715f2bfc50f16fc5bfda5a6f10786b4bd5b54b5f0ef99f66f11eb77b39b67d6e6f34a4b6703a80ad0965e446aa9b46c507f8e4f8eb67aae81e1ff0006e8bfdb16367a7dada8173693966d4f5058a30d14aa76154884cb870c3e646201cf15e7bfb1fea3ac59f89fc757177e34b3d6bc4ab607559b4d85a58f4d555f3922303cdb4b90bb32c142aa4499c6091e8e519f6692c24f32c4629d59426a74d4f9a51837251e7e5492ba576aef962dad2eda3c1ccb86302aa430d86a0a9a9a71938a49b495d46fd2eed7766da4eef43e80d0bf61bd3fe377ec65e20f83fa0d8c7a5fc4e856e359f0d789362470c57c15152c5f8dcb6d3a8109ce486db21c1535f8f3a47c15ff00840755d53fe1346ba6f1434cf04fbdbce104aa70d09c7fab91581520e31823e9facb7df153c49a86bde11d63c2ab73e1dbed635db05d72e343ba6bb5b9b64689b6db2ed2855b6bc720c83f5e4d78f7fc1637f65f8bc21fb5ceb7e32d1ad45be93f1534a87c4b2227dd82ff007b5b5f3229e0169504871ff3d8fa935fd13e11e7d8fcd32992cd27cf569cad7d3e1695af6dddf9b5eaacd9f86f1e6070d81cde543090e48f2c5b5fde77bdb7d345a2d16c7ee3fc34f863a0fc3fd15b47d074bd0f4dd0ac6691a3b4d2ac23b5b5958e46e288a006271938c9381935e19ff0586f1bd9fc1dfd8935c8e684c30eb9a75e4370acfbbcd55b66ca85ec0ee1c77af54f81b6df1287c60f889a978dae3479bc3179a9471f84f4fb5550da6db22eddcd20c6f691b6b6d209182723214791ff00c146fc3367fb4e7ed45f03fe10cf8bab7bcf10aeadad43eb676c86ea68dbd99215439ff9e95fa97d6253826d38efa3df476d977dd79347c068e3a23e31f0a7c219bf655fd933c03f04744d2fec9aa6ab61078c7c7ed6b1334b1de5fc2c2d6d9a11c32dbc71c28791b4890804b1ab167ac3782fe14b797673d9ea96641b67d3ff00d1fedb708a43e4282eb26541200380ebc0cf3ec9ff00050af1dc7ab7c7bf1a6a102eae890e2c161853cadd2c6044fb994e58336303865192010083e1ff00122e6f7c5df08f41d3f4f3623c69671c37a96d7cb2398a592608409a1030c233b17e625d428ee5abf8678e333966d9d6225cf782aae2b5b2b465caadb69dded67fcc7f5af06e47430596e1aaba494dc15df5f7973ebf37fd2295efc45865d2574cbad6ecf58b4d53499257b0bc09677f1db319a51b906e58cc88db36b1018c478e82bc9a5f1de8fe23f05cda8e8bac7fc22b7f773bc2904f338b3fb4c6c581dea77094b471659c618a90a72c41f21f137c6387e1ff00edb5e37bad3f5655417ea2d6ef7c72c779022a4691382b87076b210c01ca9ce49cd67f8c3e1ddaeb7fb5069b710dc68fe1c8fc597888d7eb1ec1a7bc32992374676602369114e093b76631d00f632ee17a587779b71e78a9e8b4bdaf25cb6b68bb6ba6d767af8c9471787942ac6f4dde2d5da764edadacefb3bad77d8f7cd6f5ad5bc63e2b3e31b3b7d2f56d2648331a3df46f0dc450c7fbd085598831e1a4d85413904f4ae77f64bf0a5bea77979e38d42dc7f62de02b6d611a2b4cd6887cbf31c91c2af98158673b5d890722a1d7bc39e22f040f10f812df42fb3ea1737134a2ef4789aea4bb5b807ceb958548261326f07e6f9436dc6d415f4bfeccbe08f0cfc13f87bfd873496f6b71a62c9716f7325d110c93f92994c8c3fcc080c11723711e95f3d99626960b092a7057e76a292767c8b5d5eb67b2d9bbdf6d2dedf34dd28ba6f54bb5fcbe7ebf319f003e1c5ff83be2ae8cb6777a5dd69ab18befb27c968c24690146784aee8cac676165255be5006ec91dd7fc1567c0ba5b7c15f879ac6a525f5bc9a4788ae7498dada1f365d9790a49b00edff1eefc9e002c7b561ea7f126c745f1c5ae9fa6ebd37f6fe9ccb74f631dbc3732cf6a369f2a7f3088e10d21fddb4ac9237390321aba6ff82a85cc9e25fd8463bad4245b1bc5f18e98f1b4320752ef6f780a07e982ac4161db38ea2bf57fa3fe33113c5625e262d3a91835a5aea2dddbd16fccacd68f55d2c7e29e3151a6e14254daf76e9f7d6dfe4fd0fd2fd1f48b7d622856ee7dac8e150c3202addf8f5e7dbb57c4dfb3678c5bc71ff053ff008adf1035246bab3f00f85a68ed46e0333ddddaa2a293c0664b7641fef57e564fff00073efc7af0cf8de6d4bc2da5f84b49d1e69246fec5b8d36392c620dfc4366d9770201dc64e71d08e2bd3bfe09dff00167e227ed79fb347c52f1d6ad3da5bea767f10345b6686ced9922d5a336b78de4b8ddcac724808c0fe36ce7031fd01c55994f2ecaf118f82e6f6716d2bdb5f9f4efb9f9064794fd7b1f47093972a9c926f7fcbfe01f4cea5aaaf897c43ab1d4a46b6bcd52e27ba2d6b74de4c3e68630af9ac72e11245dd21014ee6c151cd717e03f0f470eaf0d8f88a3fb2447525b1d3afe3bb49269c4732c507eef712cadcb088e7f7449f95718ebd7c5367aae9fa1c2b1dbdf5cea1108265588c715e44b1160be5b60f390aabc13b71ec65f13781f56b2b97f145931b4bb8acd6e208a7533cd6fbc0742c8bbb2ff7ca2c6aac778e8dd3fcfd9621cdca6e2ece57ba4d24db7e4ad7695fa2b6d67a7f60538fb34a12695e3657f2dade5bd9d9fde7c7ff00b727eca2da8ebf71e22b80ba4f8767fb35b5c4f140d7918749f2d3baa9594282e81401fc273f2e1ab99f817f0d1fc7b77697371796ff00d8fe14f2ca5b8894472b24c59ef551803216c2eed8777eec119c9afb0bf6b6f11dd3fc2eb8d5269b4d82482cac2f6e23fb3c6af728b215920f2c812060f2365f683ba451923703f36fc2bd166d6be39f8fbc0177a348be05f0edf45abadc5f6f75d5a0ba092ff671563b55632c1480090a8395effa365d9e57796ca9b76f66af7b2b72c79136aedb949f346d693ba7d2cce1c3c69f37ef6edc9d959bbdddda4edb755aab2b799ea7a6dfcd76ba978b34e5b191ac34a9ad67d5b50568edd2591d649ddf6873e5bcc091b410a148e003589ad7ed3f3ea4b27f646a9e1c82c74abe449c332dddb5e03089167825c1dc8d9194050803248c027d07e1f7898ea3e1f8ede4f0cd8f8322d4ef1746b4482cdda48bcc591d06f906d78d52376da318ddc9c53ef7c3df0eeefc243c416733dc319e04bc5475f3d812b1ee90798a083f2636fcaa0719cd7c2ceb5155dcb1541c9b768b566ada68f78f7b34ed77f7fbb96e2a8ca94674b58be8d34d36dee9eabb25656b1c2fc3bfd9466f8d5f1f751f19681b6ef5af16584325f14bd96cecace145da2e7ee957490950c194b611483d49fa73fe0ab1a6993f653f03e8624b667bcf12a5ecaf245ba193ec964ec4900100179d71cf19e3a5627853c7765f0d3e2469be12b3d3ee2d67d3eca5b3b889090f736cefe5ef61805a06c4614af4c0048c035d3ffc14475c8eff00c49e14b29afacb4bb7f0f68c752b8573f2dbcb72e1c215cfcade424206e1d0fa57f4378075e58bc5e2a5556b0842316ded0bbb24af6b2e54afbfe2cfc27c67a92a34b0ea11e5849c9adb57a5db7ddab3ed63f1a7c0df0374d8ed6fa17b15db7984f30a6e608d861d70001f2e0f1d877afd2fff0082207c335f19fec99f1c3c1fa2da69f0eb1a7cda6ea1633baa4735910971fbf50410cdb9177038dc19867a57c35a6dac9e1db2f3b36ebfda0eb672c7237ca4e01195e1863e5c72390307e520fdadff000402f8b10781ff006e3d7bc3b2dca8ff0084e34096d5557015ae6d1fed31818241262fb401b7fbb5fd219f6574f1d96d5c154da7169edd7d6ebf03f10c063aa61f130c4c778b4d6e47f157c4571e1bf1bc56b6706ae34fd5cc31dcdbdc5979725839740201116dde6cafbb2cdb76af2300027cff00e36fed9d75e07f8b760d6fe15b8b8d3757b1fb1dbb5c3b26fb5de026e66f9e351b1c3a8dd965c9c838afd12ff82b6fc1fd1751d2fc3be2591268750d4aed6c239add47991ce3e649558e307032dcf3e5ae3240cfe67fed43fb33eb9f11a6f0dea56d76b36a11091355f2c30b3b88e39956364e76accf0e5b008ca95c856ebfc578ee1fc26519bd6caf1ad72c75e66f979938a717a3ba693b3d6da3f53faab24cf9e6b81a18b8c25aae576b349a7aa7eb6d1dbf13ccfc69e2bd5be257816fb4bd364bad6b5fd42e1fec027bb27ccc334ad9fe11e5fcc78180d9000e057d33fb24eb93691e15f10789bc43a4de58de6a5aa797069d2c713ea5ad46f0c30b18a3386d85594007966c0524138dff00d8c3f675f0efc0df0df8835abe922b8bbd2d6187ed52c67cbb112ee50910cfcf96dd86600b3b0f946001aff193c1163f16bc370e9f63a5c167abaa216beba960173a62a48adfbb92352c30e234006e5cb8da7201af9ac766d81ac9e152bc24dfbdaa6af6d56baa4e29e9d6ddecbeae756abadcb28da314af6b6fbbfceddedd11a3fb41f8935ef077c2ed5b50f0cf88ee34f636c92d9e92b3279d7692c5710b86b5915a5122cc11c120212850360329f9ef4df8111eb7af490dd476725f69768ba45f4575110b1c0f1896630ca4fcb2215dc48200181f4f5ed17425d1bc09636325be9fa9788ac5e57beb89a31717d1077477f2b2e2411432aa8f2d9b6ee2d8da406adff83de0ef127890687f0fefee23f115d6a9334cb7912b59dadcda86469259a065756b8df1b29264211255211b935e6606a72d3585c14fde5eeaba7cd26ec92564efe49b4ef3df4d3a6351e12339555bbbb7a24a296faf926dfde7b4fec47f07daf6cadf56f1a369775a7e87a4d9c11eb72906426d6294dc5c3923e58fc93bd901d998c3633cd7cdfe29f8bd63f1efe2378d3c6d25bb4abe23d527b9b2b6bdb2018431621862462bb86d87cb4ed90feab5eedff0514f8c30fece1fb32687f09f479225f1178f6c1ada79625455b2d2e3606ea7231806e641e528c731a4a7d33f20dd7c46b1d37598b4d906a174d6ab1bc92ee587c85dc0adc118fe3460c3a725483d31fda9e17f0acf24c9a11c55bdb4fde9b492d5eb656e91dbef6ad7b1fc8dc7f9f2cdb339ca8dfd9c5da2aede8baebd5eecf9a759bc9b7411c90f93323c61d5c90703391dfa71ee0f635adf0afe2beb1fb387c45f0cfc47f0fb48d79e12d66deee1431ed37091b61a1214e0f991878f278218f522a869571a68d2e6b7d4a6d5a397727fc7b4292ef1cb17cbe0285dc39c8ebc6335b500f0c5968d2dbfdafc41b6fd3e62a2291a50dd711938f997e6c8390fc8c0afd425ae8cf8e8ab23f71ff68ff1568bfb527ec79a678874092f2fbc33ab5bc3e21b5beb4b8863681170555f7e4ee562e8ca8370742a715f9c9fb62fc63b4f841e03f13ebd25c4c3c2f67771b5c7d878913ccdaab108cb0dccdbdc0e800507a8ae2bfe09b7ff000530d07f603f165d7c1bf88da8ea937c15f14486eadf56ba42ade14bcb86dc64c2e5bec13e57cc1cb4720670086715f707ed5bff0004def007ed25f0b353b7b1b86d4346f124705d0b7b49f75b6af0870f098e784ed914162c8e3206fce702bf98bc56e05c6e2338a59a429ba9423caea24d73a517af2a76ba71bbb5dbbec9ad0fda3c3de30a197e0a7829c9466efc8da6e3776b395af6b34bb2b1f24fec53f1fe3f8b9e02875c305eaf8675e37ccada8de2c8ab189a400bb03febe21167cb1d16e4619b6815a9f11347d60fc39fecbbcbed7b586f134464b775c59dd58bb4c92aa44e33f346ca4857f94796795ce6b6bc4ffb2df883f672b5f0cd9e85e13d4359fb0df359a5869f0af946548590c9b54150bb640ae3051b39072a31ee9e0efd8fb50f14da1d635837ba3dc4859e0b2d52556f258e0850147dd42cdb4f53800e7b7e095b25ccf178f7532cc24f914a5ca9c5be5e5e66a2e4ecd3dddeeb99bb1fb3438832fc161e33c6e22127249b6adef3ee926dae9f247cabf0d67bcf887e396bbf18ea5169be24f0cd9a30b7b48239a4d6249a3506536c0ef91e4d8e5954346ae88472335f5e697e23f087ec1dfb35c9f16be2447359ea5730ac46c55bfd3aeaea600a6996cbc932c9b4191f9f2d1599880315c9f8c3e38fc2bff824dfc2d593e216ad6bae7c45d74f9f65a36950ab788b5f7e5625821624dbdbae4a9b99f6ae092031c2d7e6ff00ed4dfb5078fbf6b9f88f1f8d3c7b0db41f650d61a1f862d266fecff07db31dc7c9182d7134876b4b3361dda339daaaaabfd25c0be12d2c1e3219b6352e682f7216d217eb7eaeeddba2bdd6ba9f80e67e246618ecaa3809bf7a57e796ce4b5b46c92d12b27dedd168fd0be287ed0dac7c6ff186b9e3ef13ce936a7e2695d218a123ec76d011e5c76ebbbfd5431c6a1549192aa4e32dcf1fa9f8b2eee6f2df525925d4350d61162bbf2ac7622b451a7952e0e385450339dad8279c835c6f817c4f79e2cf04c9a56a32453437510b69668a3e620470c53241f983704f27ae31c7a07c2ef14af87fc2d66b7d673c7e4dbed780e6430040115d594fcc3ca53bb382463d2bf7ae5ba5d8fcd7e06d9fffd9);
INSERT INTO `items` (`id`, `name`, `price`, `deleted`, `image`) VALUES
(2, 'Mutton Biriyani', 150, 0, 0xffd8ffe000104a46494600010101007800780000ffe100224578696600004d4d002a00000008000101120003000000010001000000000000ffdb0043000201010201010202020202020202030503030303030604040305070607070706070708090b0908080a0807070a0d0a0a0b0c0c0c0c07090e0f0d0c0e0b0c0c0cffdb004301020202030303060303060c0807080c0c0c0c0c0c0c0c0c0c0c0c0c0c0c0c0c0c0c0c0c0c0c0c0c0c0c0c0c0c0c0c0c0c0c0c0c0c0c0c0c0c0c0c0c0c0c0c0c0cffc00011080050005003012200021101031101ffc4001f0000010501010101010100000000000000000102030405060708090a0bffc400b5100002010303020403050504040000017d01020300041105122131410613516107227114328191a1082342b1c11552d1f02433627282090a161718191a25262728292a3435363738393a434445464748494a535455565758595a636465666768696a737475767778797a838485868788898a92939495969798999aa2a3a4a5a6a7a8a9aab2b3b4b5b6b7b8b9bac2c3c4c5c6c7c8c9cad2d3d4d5d6d7d8d9dae1e2e3e4e5e6e7e8e9eaf1f2f3f4f5f6f7f8f9faffc4001f0100030101010101010101010000000000000102030405060708090a0bffc400b51100020102040403040705040400010277000102031104052131061241510761711322328108144291a1b1c109233352f0156272d10a162434e125f11718191a262728292a35363738393a434445464748494a535455565758595a636465666768696a737475767778797a82838485868788898a92939495969798999aa2a3a4a5a6a7a8a9aab2b3b4b5b6b7b8b9bac2c3c4c5c6c7c8c9cad2d3d4d5d6d7d8d9dae2e3e4e5e6e7e8e9eaf2f3f4f5f6f7f8f9faffda000c03010002110311003f00def8dfaa783fe0de9ff097c71fda3e19f1436b575abcdad695a3dd2b49134a37a42533bc244e0441987f01efc578cc9f0a750f895a7da9b6d362b8f1678faf36456f68a4c7e73722252df3155dc649243c741c63021b4fd8c351f0afecbde26f8d51db7842cadae2e6c6f2c8c6cd16a37f0c52ac1e6a4213622485bcc2aedb880383d4fa8fed15fb75e8ff0005afac7c3df056ceebc75f1b3c65a6429abf89af6148c6851cb1abbdb5bc7c476b1ae70c4f2d81b980ebf0f4329841b9b96914ef296968ddb5f75ec7d854c73d236bca4f44babb5bfcb538ff00f8280781ad3c13e15f00fc39b3d7347d0b40f0c59986e753bd7666ba9d14a9582da20d34cf93339d89b46172ca2bc93c21fb1de957be17fed2b7f03fc41f1a5af950de4375a916d0ec2fa390908218e18e59d99f20a03228600f23b7d03fb27ffc13e2cb5bb7d37e287c4ad7348d6bc4572e21d4524d71f5165d451a5783c9b98181877fc8924084c6e199402429afb3fe1dfece6baddebeabab5fdbe85a2e8f3ba69da578774a5b76fecbd83cbf337b1f2d4465a3dc4965c12aa0bedaf16bf899430d7c1e58e3cb16e2e53695e5e5adba6af5495b53a29f0aba8feb18e6d5f5495df6d36df5f23e0687fe0975a65de932de6a9f05fc2e96525a3cd0437d7faa4971753615bc98956e19dd97246595518bc6323729af22fdb0bfe09c5f0b7e077877c3fa9789fe156a9e13d0fc4d1c66c75bd2b5abbb58e69645563095b933470cb16e6574942e7616195ce3f49bf69cff008285e89e08d1f41f0a687ab691a2fdbede458e596d45d8d4e5f2e330471166c481bcc0164c904231f94a62bc57c67ff0b07f690f85d7114d7d63e30beb5d252e350f0dea2916a16335c44f20f3817530dc3b84456318061786427765738e5de2063db8e2315283a72b2b38b8bbeced78ebadf4d3fcf6a9c254e49c209c65eb7d3a5fb7dff23f2e7c4bff0004de975482f24f861e2eb1d7af2cde549fc3be213158df46f1921e18ee918db4ce31dfcbcf3f4af97bc6d6da97c2bf1c4da7eb5a3ea9e1ed734f7d975657d03452467e98ce0f507a11c8cd7ee4fc11f87d69fb56fc28f14dc78f3c216ba3eb5f0f3508ac91ed1a4b4b9d42d26f2cc32c73ed8c372d22f96c32029c81f357cc3f1ebf640f1178e748f165bf8bfe1bebda97c37f00c92227886defadaeeefc3f6ca3789619d4832c62301a5818145ce06c6c357da653c7584c457fa9e27f75515b76b95ddd959bd7b5ec9a5b1f3f8ee19c4d18cab53f7a29db4df64f6feb63f3c743d3fc377b79fda9a97882c6e2e1803b1b2bb7d867f2a935cf8bde17f0c4ef2e93a7c7a95f1184765c4511feb5db78f7f671d0be1eeb474dbbd3fed5677118bbd3b50b7bc95ed752b66ced9e2cf2b9c10ca40646054f22b9f87e11785e16f9236dd9e82635fa372d54ad0b7a9f27785fdeb9e89f01bc49e29859bc43e288b4f9749f0da28d3ac52d70752bf656fb3c039c05015a46e06447b7f8abf4e3fe096ff019fe02de5bea9e328e4baf88bf116fa4b8bc8278d61bcf2e381e59ed9d59d5b6ab9899c32953b7e5057047cb9fb12fc21d6be317c73f0f69ba0d9d9dd69be0fb3975ab969e685644b8703173143223adc491a08c042a4aef2c3056bf44f4ef8bfa3daf8b756b3b8bcd26cedf406ba9b5c8c40d7cb6ed25b18d6e23bbdf25c394595a3223520f2db42f23f01f16b3e54e13c9e86dcadbb4ad693d23ebaf4ebe973f4de0ac96a56a7f5e93b5bcaeec93baf2be9aafbd1de7c45bff000a78a7e1dea56b7779636371e64167e217d2a117772aea9e64308925742cedb9439c6e40091f7f0b8bf07756b3f02f86354d07c332789345d37c2b736fa46a9aad95a25e25e4af1a12654baf31e08e4918108bbd632ae4b206e2c787be14ea9f0f3e36ff00c25f67e35d3b5cb09f4a8df4ad2c2e3ed270b99646906e109667455c0dc4296dd8c9ed3c7fe25bdd4bc3921d4ace1d6174d45be5d36ce2791e5b91388e68fca76dac20528361c0c3313b815c7e0387a90547d843de96fa256e6b6bef3baba5ad92d34574d33f47c552a7ed22e2db8bd7576b74b72bdd2d526ddbaf43e76fdbf3e16f88355d334bf117867c3fa0c90e973ff601d3356f0fb4d6f681a131b4d6d3ab235b88d52432cca5a3c3295c1c2d63fc08f84979f0cfc056b63a6e85e21bcf877e202f7d7daee937b0a5e4b728156e32aac24742c628bca8c220da1b1b9581f52fdb1bf6845f0bf83afede4f0ffc43bbd42281a3d074d6b4bd8567ba5203bf9f09c3dbbc6e571e5aa8da40903120e3ff00c13abc5773f107f64cba8fc516bac68307866d75144f3ed4b4d0c42e1cb48643cb318f03775c4792a7393f6946b57a59553849b71bd97d9777769a764dd9ad2eb76b53969e1d55e69d45af67ae9a27b1bff008d8fc1682cfc2fe3bf1678bb5c86c5ae354d1ac35c85269bc3d6ce252269d943050ccc563460e11155583124d47f107f6b783c57e33bef0c69f05af8aafb4d0f78758b0b2dbfda1613c822c5c32c6226b850e88cae9c6df988041af9cfc7fe2af0cf853c5d757567a7eb571f0e6db519b56d3f51f0b4d722e6ce172a678e7dc466dced49644552cbc0ca9ca9f55d235392c2ffc5de3bd12ebc1fac784574c5bfd6a1d275b8ee6f75449238949b9465479a34824e04acc10c6417c9dc7d8c3e5fed63f58ab51b9bd6cd2f8b46ac9b5d969ab4dcad2573c7cc28d0e47879df9649a7adb4d6fb2ba6d3ef67d533e40fdbb3f62af1c78760bed4f59f0e4dff082f8baf5751f0c6b024b795ed3557815aeade75b73b6de2b8903050700bf97800822be0bbbf06ee8966b1763d49ebc9ee0fbe78c57ed6fed63e0af0b7ed85ff04ffd4754f0eb492eade03b69b5bb2b1d1ee963f38c596652b33ab091212cb247265d72029276357e3e789fe125d7dbb50f14f86f545b17bef2eedb4c9879d6f7124c096653c6c5dc2424f6f4e6bf73f0ff0089a78fc14a86297ef294b95a49a6b6b68f5df4d6df71f9771064d0c2d74e87c12575b74f3db6d6ff00a9f417ec15e05bad6bf6ecbabc46bcd03fb36d3cbb7f1034374da6a858a326d0bc3b479ce3711b9b680bcd7eb36b9f1bbc0ff08743b5d3f58d574cb2d62d13fb5ad62b4469f5a0a362ac2a850089084da565902a99092a32057e6dff00c12b3c5d7579f147c71a6cde3087c3b1eaba5595e5baf992f9b1dbb4cab318813e5052194bafcacee1096d8ad5ef1f16ad347f017c62f10780fe20c37fe28d0c20d5b41ba4b88cc0c270fbaf619235037ca461f717dad180090057e31e253c3e2337ab4aac5fb914ddbe26aeb44b4d15eedfdcee7e93c1985a9568d2e69b5177b47449beadbb36de9657e9d0fa33c23fb5ae8fe38f01d9e863c49a4af8b75cd3e6bc4b65b7581b32932c496d732b950c048b10dedb7cc81bfbdb6ba8f851e16d512e1bc54be3cb2f11f8d9e16578a625ac6387cc2aab13601954484069540591d480acbb4d7c99716be11f825e1cf1178c3c1b79a969fa87889058ea367aadac3aa69f703efe53cc56559238f2c00571838c648aef75af175e78b3e0c5c788b49b53a1dcfd821d1356b858a5579ac4e2e45d2472398bfd64a814960ec647036a802be0e34f0eb0f2a782f763292d5a49c7ad92d124b65752bb6acb767d854c0b862796565ccb7b277bf46edb3f2b75bb3ea2d11bfe11cb7d6b524ba9bc4be22d532b2c22e3fb42c344488ed58d5c9531c6afb73bb69c60f27757e7dffc14706b5a06b3a4ff0062fc45d5ae7cfbc68a0b6d3f56df16a53960ad96f98bb1da4ed2401f28c81927ed0f857ade87f17bf669b0f1ae9366bad5be8f04a9651d9ea06349bc8dc85a45451b0230ca6324b876249c67f33ff683f8db27c21f8c96faa5c58eb1e1d875ab52268750898db46f6ec615fb3ba30019f7ef6049cb386276e2bd2e15cabdae3a5152d6166a2ecefde3aad2dab7a5efb3dadf2b9866b3c2d68c29d372536d49ec9256d6eb4daf65a276b6f667b6781f56d6bc67fb20f88bc1f7fa5dbea531492ef518efe2b81adea823746fdc89410d22c8acec7ed3c90c76b9da062e8bfb38eb3e36f0c5bea3a56a775aa7c3c37f26cd3619e337da3c2b6cc4c500567f3a33373b080c70386de4579dda7ed7f63e0f9345fb245fda91e857486eaee7d4a6bb8a1c48af296503187412295db87de549515f4ce9ff000b7c65e38f0f5c476ba1eb9a6bebba44b71a65958916b0dedbc8a5ad0bca9811c91ee646525012029002e6beb339c3cb2b925169424db6efb49a576afb6badec96bd49cc31d274a2f0f4af2935ad9a496dadafd3d6d6dd689eafecf7f0f7c7da1f853588fc63e2dd7bc4dae78b1a19a7d16f844d25ac22078a6b6765c7952bcb227cd2f11796001d42fe6efc2882d2c3c3be22b5baf37479dec2ee1d1ed2fdd2616de55c3b342ae40dcd1c6261e633e72bc063c57e97fc01f04f8bfe0f6a9a7ebde2cd36e3c23790c177a9c10dddfdbadb87303a6c96e2366f2ed97121650f24d82ce307afe59fc6bf1aea1e2ff8896faf797a2e9afac1b9d6045a529fb15bb4f72d2288e19727cbf90155907230c46e26bea7c38c2d7af3c649593972ea9595d3765a68f4566fadb5d4f1f8aab50c254c3af892bfe29afc375a8cfd9db5b965bdd3aea3bdbd10fd965d3755305c18560d80c903b0ced7de19d0060790a4024007f46bc6bfb3d699e36b5d36dee757b9b8d5b4d86d86957f36a0153ecec43ca91c6c3ece8255915b2cdb4b873b7eee7f22be0ff8e74fd3fc5307da82dad8dd5cc7e7cee0cbf679164df1ce07f0ec603a7f0f15fa3ba7fc745f1e7c39b1b186eef351d73c336df69d7b440248b4c66983fcf0c4a3cc7b554fde09558eddf8c90302fc51c97132ad4b1d86d13d1b4afe97b2d9ecff00a61c079c53749e0eabf7a3aaff00807d39fb197c0ef06f807e2c6b50ea3e38f02f8bf5cb12e6db4cbbb28e56b308e577ac85dd048c3070aa7054676f19d4fdaebe2647f61964f01d878565d074b95535ad1da1682ce5b9640865924813f7aa3cb2c58e583468542e4b0f24f87ff1bfc17a4d95adeea3249a95adc4b37f6aea3a4e9bb65977a15912dc44db9954470a6f126c0aacc49dd83e35fb4feadf133c27697ba4f87a6d3a0d27f7e22b4bab949aeade0959f03ce8b0d6b29e98e18313d8e4fe5595e1b14f1b19559d92d1c65a47cec977b5efa6fabb23ec3135b0f2ab3d5ca5149eddfe497cb5b1e9507edc1a4378b341d364d734bb2f2e60c7595ba53676c23023cc680845848c92bbd95943ee3bb39f5ed63c1be15fdabae226f10ea3e0ff00135d6b576cfa4dad94cc9a6dc0fb3167c6e55669882a4c6a0aa800649e9f9b5fb0e7c1bd37c2ff00b4be9ba9f8c239f4ef01e8cf7d7b7675078ae2d6ce08ed9d9b695db9dcf95e30773af526bd9fc4fe26f0fe9de2bb8bbb7f196ad7d0dbdd89f4ab2927586de0696de490c96e238d55a310795b24511efce1b2ea41fa5ce325a587c4aab806d2e5bbb2b27f35aa767ad9edd198e5d8e5523ecb131e5bbd7ae9d2f7e9a1ec9e0cff008219786be117c66ff84db52f126a136891c923da69f7c2192d5623b8162ed19202924a8072b851b8e3279df0efc7cf1d7c3ef8d763a0df59ebda3ff66e953db7886d6e2fef2e4ddc290edb49ce216513002295a54cb46d1edc33b71e3faa7edbdf10be2b2693e098fc55ae3e97e643b499e40b0a6e403385dc2351d49c8cf5cf4afb43f65bbfb2f83da34de11d7258e6d42f21bad49fc4325b9578edf79dc41663f68033165158964c1084966057cd2b420e78c8a9cdab4534de8bd17aee9f77b19e232fa4ad1c33f36d69f9ddf9e9f23e05f8e1fb43f88751f86779a0ff006deb2be2cd57588346d3e58270a2da7dd1caff00678309e4a347190f2fcd96ce7b11e07e2af137fc24be3bb8ff004a84c3a4c516971dc390d1cad102818b64821a42c49ce0e4926bd73fe0a1ff0012f4df14fc76d7bc6d6ab0cfaceb112e89a14c9a8adf4535bc7943a8db796ab1c6a6264015791275018115e25f0e34354bb823907996c0e09dbc393c7f2cf5f5afde3833298d1c141c61ece75126d69a36b6d34b2fbbef3f25e25cce55f16eef9a30765e7ff04f1ffb1c8259368cc2010083f2fbd7d0ff00b1d7ed45a3e8faf697e19f1bea575a2dbc0c21d3bc4d6d33433e96848630cae837b4048e833b4907d43795dd1d36e5e617d6ad6ec5495b8b6210e4742c98dac0fb104fad717e22f0bc971739b5912f22dff30452b2edebcc7c9f6e335f4188a309c1c24ae9f4678186ad2a73e68bb3f23f65bc09f07d7e17ead6fe34bdd43c35e2eb1d6a4bc76be7822834b5b33187474652487739123c85d8ec6c6395a5d415bc5523f8a22d2eccd847796f69a6ead7d7ab2a43b55024acec55ce4315601548509f29dd8afcc2fd983fe0a0bf12ff0064b5fb0f8575a86efc3f24c269742d5a05bdd36439cf11be4a138ea847e35f4ff83bfe0ac5f05fc7312b78d7e1a7897c13ab472ee86efc2b791dd59a16c090b5bce304373b8104300a086c66bf31cf3c3fa58897b4c14945f677b76d1ae96e8d6ef73ef329e34ad45726257379adfe7767d11f12fc01a1fc42f036b57bff0008868fe2b5d3eea49ecee62862926d1ef7ce314b02c43709ade7201457cac664206541dbc6f85be14eb31c5e23d02ff46b3b35d2ed9ed9aeded82be970473468236b724c72c71a972b1ab2ed07839c555f08fedddfb35f87635934ff008adad6956ace2736f3f84f74c64054c793bb6aa260f03a1c9c13cd6378fbf6ff00f84ba8f8a997c07e3ff1d788b54d5ae1a3fb18d1638d6e22f2c92f33ce554bb3e64799b2df2a860532a7e7e8f02e6b1a7ec5b8a49e9ef5d5be56b3eafb9d38de22c0d7ad1ac9cd35bd95afe4d3be9e87a47833e187c26fd879751d4b56f146a91e8f7f7afe55dc372b3cd716f1456f3048d232244611bffabdc19721ce49c0e43fe0a1dfb76782ad7c0363a1f86a3f12f86744d3ee05de9d6f74df65d6b5d43180b0a287f3adacdb73977976bb8da4061915e71a4787fc5de2ef16d9c7e1ed161b4b7d426fb6dd6b12dfcbac6b36f91b04c92cc821490863f3451060bc07e063bfd43fe092f67f1cbc14d76f05adbf8990979353dd3c9f6b6248cc8ee732b1006e39de09e0e060fd3647c0f85a55e9e331b51d6ad06dae91bb56db7764edd8f1f35e2ca95632a14172425e7af7f96a7e7b6abf11754f8ade3c3ad6a3b12e276582dadadd364163128da9144bfc2aabc71d4e49c926bd53c03e2bd2fc1f6627bcb19353741986159fca8d9f232646ea117d17049e322bcbfe28f80753f801e3ad5b41d52de4b7d43496683e6f51cee078c83d410391835ea3fb22783e2f1d5bf856fe656bcb4b7ba8e4be503710aa5d5895ea7639462067819ed5f5fc4b9cd4cab01ede96926ed7ecadd3cdec72f0c6534732c6fb2adac52bdbbebd7c96e7ffd9),
(3, 'Chicken Thali', 60, 0, 0xffd8ffe000104a46494600010101007800780000ffe100224578696600004d4d002a00000008000101120003000000010001000000000000ffdb0043000201010201010202020202020202030503030303030604040305070607070706070708090b0908080a0807070a0d0a0a0b0c0c0c0c07090e0f0d0c0e0b0c0c0cffdb004301020202030303060303060c0807080c0c0c0c0c0c0c0c0c0c0c0c0c0c0c0c0c0c0c0c0c0c0c0c0c0c0c0c0c0c0c0c0c0c0c0c0c0c0c0c0c0c0c0c0c0c0c0c0c0cffc00011080050005003012200021101031101ffc4001f0000010501010101010100000000000000000102030405060708090a0bffc400b5100002010303020403050504040000017d01020300041105122131410613516107227114328191a1082342b1c11552d1f02433627282090a161718191a25262728292a3435363738393a434445464748494a535455565758595a636465666768696a737475767778797a838485868788898a92939495969798999aa2a3a4a5a6a7a8a9aab2b3b4b5b6b7b8b9bac2c3c4c5c6c7c8c9cad2d3d4d5d6d7d8d9dae1e2e3e4e5e6e7e8e9eaf1f2f3f4f5f6f7f8f9faffc4001f0100030101010101010101010000000000000102030405060708090a0bffc400b51100020102040403040705040400010277000102031104052131061241510761711322328108144291a1b1c109233352f0156272d10a162434e125f11718191a262728292a35363738393a434445464748494a535455565758595a636465666768696a737475767778797a82838485868788898a92939495969798999aa2a3a4a5a6a7a8a9aab2b3b4b5b6b7b8b9bac2c3c4c5c6c7c8c9cad2d3d4d5d6d7d8d9dae2e3e4e5e6e7e8e9eaf2f3f4f5f6f7f8f9faffda000c03010002110311003f00f6af12fc109af082da49db92c5a200609ea7f2ae1ef3f645d1e24defa1ccd349808e90f9648ec32857f5afa5ada2bebd759e3ff57b01383821bd3d6a1f1578aacfc0de17bad5357996d6d6cd03cd24edf264f000f56248007524815fcff1ace4f63f748d49535cb191f21f8c3f643fecab6b89ade4bcb18f76efdf46a149e4f5c03c0e31c9ad37fd87b50d3d23b7bdd76da0bab8232c226312031ef53bb83865c60e39271d6bb9f13fc46d43e2278cacedf30fdab55b18a5d1ada51be1d391e56f36e2739c16289c0c1dab9ee4d79f7c55f15ea5fb5378a7e1c69de17b7d6ae743d34cf7dafeb970c123785d3688405e181084000e532a7debe830f848b845d45abbfc91e2e2338c539b8d1925156d6d7d4e2bc6ff00b356bda54322cd6b1ea1e4b882e16d2391da06c1c83f26e0ca41041e4704f0413e7f7ff02af347b4de34bb848f1b491684927dc1ebf957da5e18f07ea7a4f8cf4dbed0f4fd3d7c3b2e9d25a4f6f22b9b833282be6891988208f95f7649241cf15f36fedbdfb2dc9e09f1fe8faf78274b935cd33c473c7657fa7d94ab31d3efa560b19c6ef96199d994f411b29ce158119cb2ba739f35376f57fa9be138b2a538fb3c57de97e68f34d2be186b533c91c369a8cd751a7296ebb8ae7382d1f61edd0e2b235ff831e28d251249348d4a46887df5b47dcc0f401403f957b27c45fd93bc49fb3bc5a58d4adf45bc8f5794c16ffd9b312de7a2ee3115600b36dc91b776e00e2b8f8f5466bfd90f961a3255c248eb2a37f758019c8f4ea2bcf8c632fde42cd774f4fbcfa0c2e674f151b519a97df75ea8f3bd2fc2dade9f6f2493693a95aec19ccd62ebc7d718a2c34b5d524fb32dbb4924c483b63fea39c7be6bd92cf5417863b6ba9a46695772a3b9dd81d7018f38f7a3caba9ef923b4c7d9e3c6f4da327d7be3353ed16d63b79a56dcfd029bc7fa1d85c61b54b341b705bcd518efdabcc7f685b9ff0085bfe26f0af86ac750593403bf53d5ee838d90a891238830eb8e653cf0768af04d08cd69a62ac97d2348a59a497ccff58c4925b1ce2b53f651f19e81f1abc57e288ee2faea6b8f0d6eb0b8b725958a2159b76e1dcacca703a6d23af432ba2e73f689691ddfa9f3f9f5186168dd4bde96cbd17fc31d5fc54f1645e2e8356d0fc11e19d4e358668eceeb5678dd666464dd2a86006633bc16c10146eadab2f1ae9be1ad0574bd2dec74bd0746b406e275023b78eda344ddb40cefc9c951dc1f4193b96fa0ea7e37f85105bfdaa1d27438e0b99a7fdd34103dbb150ad2efe54228206f6e49c73815e73a3fc0dd26d7e29dbc0dfd9b75a05e69b18d3edeec9924ba113f9998d4ff000838231c3771c66bd694a5c89f9fccf9aa70a2db8be8bfaf567a80d6f50f887f0f6db57b38a6d1e3b9b856b68ae9c229b5c94f35c630a1ce0a8e7209f5ad8f869f0ab49f859f05bc431dc4a352bb9d2ef54b89ae06d70c37cc88a3f876b01b4e7823359a9e33d1758d6756f0e9985d4da22a4b7b6e6225606dbe700580dbb82fcfb73c704815cdfc74fda7bc2be01fd97f58d5f54b866b4d634c92ccca22dcd2b3a660b3895865e598e33900226f66c715587f7a4e16dce2c546528ed657fc3fe18f46fd97be33f847f685f83fe1ff001778e21f09e9de2a8e446b2d0b50d462b9b9d35a5445123798157ce90e557038500039624f61fb457c3df0fea634b6b8f0ee97751eb570d05edbb5b22dc36546255750183a9fe2073f957e6dfc2cfdb13e0dfc56d234ed075cbed274fba9ae956ee26f93748218a25b665c1cafcc486183b9011ca9cde7ff0082887c46f07789becb6df6fd6743d1ef3fb2deeafa056b8b4b72b88cdb973bd9d4601c838dbf31c9adb29c753a53fa94e97224afebaeedb4aefef3931995d4a0a156949b72bedd36b6abfcbc887c75f071743f8d7ad68777e2bd16f1b45d4de1804b78915cc615b284f4c7cb8c8e41393debd83c19f0bf529b4e8fec7ae78670c4e14eacb21624e7a9c9e0578a7ed31368bf133f65ef0bfc52f00eb963ac49632496ba8dec383712db3cedb16e07de592291b009ea9263f84579b7c28f8d1abdb69cb1c9a95bf99d5b33fcac7b707dab3cd32f5427b687dc64b9855c5d15692bad1dd755f33e82f89fa5defc38f02ea17d369b249676b633cd2ca8aabe500bc679e49ce0579cfeccff00b40693e13fdadfc7de1bd1648d66f122c0d74973232436da8451a466e63d87fd53c7fbb93209468e37fb9bcaf55f123c50be26f87bab693e64332de584cb88a1914808a5f9c8ff0063a9af97ff0062afd94f5cfdae3fe0a6f6fe0fb2bcd4348f3b509b50d4754b22166d32d509779958fca0f2a067aee1804f07a386f090c461a71969bdff0003c8e33c4d5c362a9b5ae8adf7bbfe48fd3ff15dd7f6afc3fd17c25e32b89b4ebbd6b5290dbbe9eeb247a9cb246c0798b1ee6750c410429525b206466ad7c61d59b45d56e2df4ed9a5f8f219e2b357d4ad258ed34a7da048c1b1e592b0970a03637719e0d7d0bf0e7c13e04f82de0ed46d3c3da42cde28b4b702f24bab85fb7ac024689e6497968c7cb27200f5500118cbf85faddc4de059351f18694d636f6b1bac534a3ccb95525958a0fbcdbd488f664b658678268951c3c66a9ca57d1bbad97a9f2ffdaf3de11b23c2fc4fa6e87f0774a6d5352f1043e1bf06e9b24faeea1ab39f3a5bf882ed1133f3bd98104e4ee725474afca1fdb4bf6d58bf6bef88736a30f9de1cf879e11578b484625a52d733c71cba848bd1a625d9c67a6d55e82bec4ff82837c12b9fda27e03ea1aa47fda96bac6962e75bd3a39ee0c71eb36e1c816f25a46046aeca0bc720c10ca6338de00f837f664f81577fb50f85bc65e17d29524bebfd25cdb31c2aa5c46565b707d15dd163f41bf27a57b5946029ca9fd62fbeddd68635b3394a518b5d8c5b9bfd2bc3fe0e86cfc39a7d9c36fa4eb366f6faaca83cd96295e694316705b8db9c13d416f415ee5f142defbe397c7cd77fe112b791edeccab9b7b52577c11c6a04b27240cba3313ce79e3b578bfc3cf1a4373f09a2f0bc364d65e26d01e55d7e1bccc32df96b8581ed16361f7951631f2e1c12de95bfa57ed9567fb3e5eeb3a743e1db9d5af3589ed753d3ef45eac7f6889552482cef553a468e03111ed3f290c0835e256c3e25d5e5a516e516faabbbdaf26ddb4dddbb1f7d39d18e19d46d7bc925d96fa24afaf67dec56d47e385f7ecf9e2abcf0de9e962de0ff001d5b9865b482229e44a1403272aa72c480c187de8b20f19af41f07fc34bed56da3b8874fba659824ab146b236f565ce78278e9ce3f9d78b7c74d26e7c71e17f07eaccd7122ea1aa5c5f2dc4932347656e17cf9e31b4ffaa4f29d949c1fbdea2bd7bc1de2cfec8f0f69be65b7d9da6b684b3fda273213b14e08dfb57d3a7635eae2e9f3e1a9b4eed5d5fd3fc8f372fa9ecb195528d949295af6b7fc39f7a6b7e1cbed32585f68bd69240924314a14346786463eeb918f7ae5ff0060c834dfd92bf698f88da86b16b7c354d4a2b5d12d2f6da3df3c2e8c64f35507de568c4723601f949e0d7be5cf8ab42bd8cb7fc22ff1027cf42743e83d81c63eb553c036769a47c41d17c6e3c2fe2269bc3f19fb647ab696228eeade22c62917e763e6c4af2211b72d148dff003cd41f99c9fdad38cf0ea5cae6b47d9ffc1474f17358da31a918b528fe5ff00fa4b4bf067877c6fa0dc7882ead350b79b5432b6a37d6f1347fda3144f926665008f337e5532a4af6e7062f157c59f07e89e03f2b54be7d4ac6e06f45472db279771451181bb24213d32aa6a6f8a9f1d741f06fc1cf06cba5c726bd6baafc90c76b089ade6deaa18332e0166c95520fdd19f435c878f348d37e1127f6a6856f15b699a95fab48c47991d84ea9b7cb41ea410c47af39cf4ec8d1f6551d2a56bd973fabb6b6ebe7af5b9f9ec753c3be3869da57c40f0d5d4d637bab5986496d75192e15411091bd4c4e4e7c866e7776d8d93d2bf29bf66afda1754fd81fe2549e30b0d12cf5fbaf105bdcc5a7e8d74927d9deddcba096564208c292e801070118e0100fde7fb7afed13e1afd9c7e0a5f78674bbc81bc47e2f82e26b1b68a31e7d8c1246cd27999f9a3519e14f4cede878fce9f845aab6b7f15bc416fa959b4935ed9c506957ad66d74d6f1ec578f6213b4a3469b4f07ef1ec08afa8a33950c139eff95ba7cbd0d70b4a13ad7a8ae92bdbfaec7a76ae61ff0082847c718750b7d06d7c25f15b5a68d92eb4dcac5adde2aee569118855b86c0dac0aee6c29ce463c8fc4d61e1cf1f78dbc3fa3cba958e9face8ab3e9fa81b8d3ee15ee58cccc14c6230ca636660031c8048c8000ad8f14f8b8e89e32bcbad16f0584b6729d56d5a3511cd118a42aa5597241628640bf2ed0c380315f5d5b7827c2be2dd5754f8a179a7e9706a3e2081753d426900559279635791d41e0658b31c700126b3cb21f59aee9d65aa57ba6d69a269fdfa7cfb1f479a62a583c2d3ad84d2127f0c926d35aa6b4d3cf73e6bf8a5e0ef0ad9ea7a47c27f064d06bdaa788fec70eb9af436ed6e8885da4b8b58d096251502979382c62c6368e76bc47e1bd5a5d7df45d26cf4fba7fb4952b2ab28897b7279c6d02b4be17e8f613789f5bf880d0c6adaf23d9e83037c9235a6764d7a5472a2420a47eabe61f4cfa8782757b1d6f50b745b7d427f258060b036d707191d093ebef5398fb28354292d23f9b164b2c4b52c5557773b6fd91f67dd7c67d4a65f9a1458e151b31082b271d073f87b556b4fda16ff49863905af9722a96e0ec64f6eb8c8f5ef8af37d53588d6359a31bb73e42a8e0fff005bdaad4690ea762b34caad244b9c0ef9ef8af819518c56c7e8505196878d7ed0be3cf1d7c33f14df6b5f067c68de1869e43717de19bec4ba2ddce73ba48030c5ac8c49240c4658961b0924f955e7fc1427f68df8e57163f0ef505b0f084b7576acd0a5b476a6799b0a25f308e14f1f32b107939eb5f45789bc13a5f89b506ba6b88d95640ae15c0c91fc35e7ff0012be19ff006e58b59c3651adaaa90ccf1ab46a7fbcaa7bf4e78ce3ad7d3e5b9daa694713152e97b6bff04f95cdf85615a6ea611f2f974ff807cddfb52787747f0f6bfa869f7be24bef1278b3498edf479ae7ecc61b788ee77b9c17c3c8d24ac103b60909231c0da2bded7fe0989e26fd9a3c33e17f11f8b7c5d67e07b3d441834cd6a78dae238aca789a5459917ac624279043a091b69c020fcfff0011be03f8934dd56e2ea1d1edb5d9964cb6dbab88d9cf04360b3af381ce0574bf187fe0a15fb42fc41f8516be07d6341b59b43b1862b58bedcd35c796b182a98cb00a4292323a8afa6faf616bd2e48b56ec7c754c871d467ef46fe9a99563f0566f1af8ebc453af89bc27af69fe1111c97ba9dadc2ac1ab3b16d91c2a46f965979f978f9579200ae27c7ff1226d52e23b3d62f2e356fb3b91269d14bb6de66cf2252b80b18e06c5f99871f28e6b99d03e1ff8ab5eb8921bcb59ac6def5f0d6da459fd96de63d4ef75f9df00f76ae9acbf67fd6228e358ace658d08da9145d07e200ed5c92c761f0d070c3eef767b94327c562b95e2b58c768f446b7853e205df8efc40d25ea8bc6650b9f2d5522550155405e1555405551c00001dabe92f815e195d0da496ee36c48a16076240cf51fd2bcff00e0cfecfede156537d0b34f7055c4430db413fc47ae4fb0fc0d7d3bf0dbe0a6abad981a78da1b75236873f2a2fd3a9af98c662d4dda07d8e1f0b1a314ea696e87ffd9),
(4, 'Egg Thali', 50, 0, 0xffd8ffe000104a46494600010101007800780000ffe100224578696600004d4d002a00000008000101120003000000010001000000000000ffdb0043000201010201010202020202020202030503030303030604040305070607070706070708090b0908080a0807070a0d0a0a0b0c0c0c0c07090e0f0d0c0e0b0c0c0cffdb004301020202030303060303060c0807080c0c0c0c0c0c0c0c0c0c0c0c0c0c0c0c0c0c0c0c0c0c0c0c0c0c0c0c0c0c0c0c0c0c0c0c0c0c0c0c0c0c0c0c0c0c0c0c0c0cffc00011080050005003012200021101031101ffc4001f0000010501010101010100000000000000000102030405060708090a0bffc400b5100002010303020403050504040000017d01020300041105122131410613516107227114328191a1082342b1c11552d1f02433627282090a161718191a25262728292a3435363738393a434445464748494a535455565758595a636465666768696a737475767778797a838485868788898a92939495969798999aa2a3a4a5a6a7a8a9aab2b3b4b5b6b7b8b9bac2c3c4c5c6c7c8c9cad2d3d4d5d6d7d8d9dae1e2e3e4e5e6e7e8e9eaf1f2f3f4f5f6f7f8f9faffc4001f0100030101010101010101010000000000000102030405060708090a0bffc400b51100020102040403040705040400010277000102031104052131061241510761711322328108144291a1b1c109233352f0156272d10a162434e125f11718191a262728292a35363738393a434445464748494a535455565758595a636465666768696a737475767778797a82838485868788898a92939495969798999aa2a3a4a5a6a7a8a9aab2b3b4b5b6b7b8b9bac2c3c4c5c6c7c8c9cad2d3d4d5d6d7d8d9dae2e3e4e5e6e7e8e9eaf2f3f4f5f6f7f8f9faffda000c03010002110311003f00fc9dd73496b89c5c3e385c2fb9ac37b036ee8a5963863dd2cae7b281c7eb5d0f8ff50feccd174f8d58e6ea4c360f6ac6f174771a9dbd8d8d8c5beeb55611f1d947273e83d49f4ae75a6a257d919d04125c5c16646df336548e8476c56941e06d63583b6c608611d1aeaea410a7d173c9fc057ec5ff00c13b3fe08afe04b3f84367a9f8eacadb55d5b50b54761716fe7b8271908ac76c63a81c6e2064b0ce0794ff00c15bbf61af0bfec73aef83ad7c36bb34ed7af25d4f4bd3a30765b88d47da5792480a0a100b373c0eb5e1e273a5152f631bb49b5e6d1ede5f9546b57a74ebcf9632924df64dee7c1be19fd81bc57e20f097f6ba5e58b49e43dc8b69edee20fb5ed206c8a529b24739fbbc67a0c9ae093e147899b493a82e93737560a325ed90c9e5a8e0ee40372e39ce46062bec7f0f7c47d43c210c9f68bbb9b6b4546827b59d9954a9218a143dcb0538c672057ab7ec31f0dfc1ff00b45fc4ebe974f6d6e4d1f4f822be7134a23fb417f982200bbe35590c81b0dfc38e2bc0e1de28c5e3955f6f4eca16d764efd3d51f71c5dc0b80c054a10c0d5bba97bc5bbb4959dfd3f33f2c7c690fda25d36338683cd32301ea3a57a87ecf7f097fe1a33e2e683e0b8ef60d35bc4931b5fb54c85e3b7f918ee60392a31ce39c57ea1fed81ff0004c2f85bfb48fc3cf11378374bd37c3be3bd192436b7ba64c4c77175126ffb35dc5b886f30617cc1875241cb00457e6dfec18925afed2a9348ad6f2691a74d72030c18d8a0007e4d907a60d7d6d3cc215a84a74f748fcff159554c2d68c6ad9c65b35b3ee7907c4cf85f79f03bc7fac78735c9ede5bab1b878fed568c668ee1636d8193807185e8403ed5cdc5770cd792dc47731cd6f3111dc2952924649e1c8238c7f857d5ffb77f803c39a9fc10f0bf8b3cb365e30696f24bbbb8c926fedbccca248b9c16049dadd70483918c7c916f6abad5925c92926c84aac8a7e661820ab0f5f4cf4aebc3d6f694f99ee79789a3ece765b1ea5f15a1ff89ae8b08e579ce3d40cd771e08f0d59e9be0b9350d596f2da6bab78fec73a0000fde060a73d15b6ee38eca073d0e0ddf858f8d3c61e1db50db4dc5c2445bfbaa4fcc7f2cd7eaf7c15f873e19f02780749bcd73c2ba7dd2bdba0b2f3b4b37896e89bd649115c32e649163193caa30c0cf07e5b8a389f0d94518cb1176e5b25bbf43dbc9f2ba98b9be4d96edec7aafc30ff00829ff81fe0dfc13d23fe1625bf88b48d72cad2d753369a3da7db16fa39634962dac180db22c8a76b63a9e7826be10fdae3f6a9f127fc151bf6a6d275587c8f07f85bc2a25b1b7b5bd95653a75900cef249b465a7b8dcbc2f00e141c2eeafabfe36fc3eb5f895e0783c23e20f0cc37571736224d1f56b6b18edef34865086d638aeb036f99f70c0fb94654ed51923e2ef871e06b7f84bad78a2cef42a5c69ba9cd1deb6e2e19a36d8aa3a9600007b9c93d6be1a1c67829e0aa637049fb5bd927e6da4d6f75a7dff0023eaf07c375abe36186adf03d5b5e5fe67d01f02341f869e2ef887a39f1c7c37bff8d1e2b934e5b0b58a49e7b7558a1195942c72c7f3aa85ccae71c0e457b2fecb1f00fe12e85e37d4b58f837aa7893c39e34b3b792d67f00eb5782e2d354557de62b49df2f1dc024ec0eee8c4804ae722b7fc13ab5cf877f0dbe1bf8baebc41a96a167ac5dea50476d796f6ef713c913a9658a32a3850c58956ec41e71c79ff00ede5aff86745f187847c5bf0d7582cb25f4d3dece0f9525b4f6e83868d8074c890673c360f5afcfb03c7b9d4b33952bf3524baa566f576b249c5744efbdaf74ec7de62b8572da4ad42328ce36b4b5b3f9b767bfe66d43fb66fc3bf057863586f879e16f115af89bc41a83d84f6975a73db369d7a0346c664662408a42d98d0125b77a935f9c1e25f875e32fd97b47d1fc49ad781bc51a1acb653410cdab58cb66da9c45774b1a3b28dde51612ae4728cc3d31fb83ff04c9f831a2fed0ff1abc5bf1faf3ecf7daa5ed9d8fd9ecf62b4567aa3c2cb77a8600ff5b2c6918c9ce0b48c305b35e9bf1ebf63eb1f8cebf11b4bf15489ae7863c5d1a9b4b2b83bbec136c21a58d8f31b870a432e38e0e7915fb66579941d1a55b0f4df254d5f4e5566f55eba7cee7e4f9c46aaadf57ad6bc2eb4dbcdaf53f9d2fdb9fc7f0ebde11f0ae9f62cdff1e102bc78e9c6e27f1c03f8d7cff0e86da1dbca46e66bb4deabd95c72c3fafbd75df11fc3b7de09f891acf863569a7b8b8f0bdecfa5c6266dde5243232051e8303f2acf2d1cb68d0bff00cb360ea7d315f71422a305ca7cad69394df31f417eceba75a6aff1b3c3f1ea515f4d6714e0ca964bbae197201f2c776009207b57ec5f8e5aeaff005ab1d37c2ba4da6a9a4e8fa559cb696b3ac688a8b2185dc46dd9519c1d992ae8e73debf12ad75fd43c21a46adad694d225f6936bf6e8da390c722f95344c4ab0e55b683823915fa51fb38fed87e12fdaafe165af89ed7528edf5cf0e6837f697ba5cd78c8f64f76eb1492cccf8d91b9cbee562bb9d80c715f85f8b99262b1189c3e3a9c5ca114e2f46d26f54da5df6bf9b3f40e10c6518539d09b4a4ddf576d0ed3e356bdf6ad3b4ef2efef1ed6ea6db7eb6fb5a68859ccf1f98b200ccbb8491c80672c1b049e31f25f87fc59a4ea1e3af176ad6705d47a5dc6ab36a36a857330819d958639c956560403d41f4af4cfdafff0069cd23c35a158e8be118f548fc517519b2b6d5d2e635b5b4b269157ce52aa4cd705546c60709b49249c0af31f813f09f5ad0fe1bc379ac5f246be11fb4594de52f9cf713dc5eee8c30cf2ac859988e7e5040278af0f25e15c4cf2a94a7171937eec5bb37ab7b74ba4926f57bf9bfa6c3f10e1e8e6319fd94bde6b5b6cb7f2ea7eac7ec25f057c3de22fd8abc0e74586eb52fede796f357ba856233a4eece1fcd6c7caca02a6472000063393f9f5ff051ef80f79f08ff006cd863864b2860d6b494bebcb58198f9652478ceec9cfcea226c3704eec71c56df82fe277c40fd95f59beb7f0ef89ae3c3f0df17f3d61bc56d3ef3cb40cd244d90adb5595988e40382171c790eb5f176c3e287c5ab89bfe1224f1578af5e97c89af5a7fb4c76f85c85693246d1d8027938e2be5f29c8abd3c754ab469c9ce6a49dd69ab5bbb6966af7bfa2e8bec7118cc35153af3c4274dbe68afb577d37b75b2b6f64ec8fd42ff8202482c7e1a78ea3f307973dfc1045083f70430853c76c973dbb57d69f1de74d3f49bafb3e165652001fc4c7b57e7dff00c119e1d53e1aebfe22b6d2f53b5be4b497ecfaedadc49b585c30568e65c0273b72bd3040e48da2bdc3fe0a57fb55ea9fb3a7c39b8bebab3b7866d52d9e3d2ee0caa505c655543216ddbb7382a00209fa1afdfb034d61f090c2c1ddc525f86ff3dcfc531d56588c4cf10f6936cfe74ff6e748d3f6d7f8892478f267d7af1d083c3832b807f1c66bcd63266bc58b1cc985fc3a9aec3f693db27c70ba87cc6926b2b7b5b7b872725e61029909f7dc4e7deb938606b6b5bab9ee91ec4f766e07e5d6bee30bfc18fa23e56bbbd591eebf09ad6cf54f1a5ae9f7bb7ec9abc72e9f2e7d258d97f9e2a2f05fc36bcf84de24d4a3b7b89ac6ef4e0d6c4c6e51883c9071d50939efc62b04ddcda3bdbdc5bb6d92ddc488d8e8c0820fe6057b57c56b94f1bf86ec7c77a446d2473daac3a942bf31538da5b1ea8d953feced3d01ae1c6f3c24aa2feba9df83941c5c24b5efe47d05e0eff826af8827f8496be36f12eb533ebdaf416d25869b3e56448766e94bbc9cab0dc8aaa30393cf4151fc1ed5752f865e21962d67c37ab4da1df15b5bfb5bab69220e99214c6e460481972ac782411dcd7e86782d9be33feca9e01f1369934378b63a5d896661bd91a2d892e4000e0c618ae73f7b241e6b9fd534bb7d65b50b7b8b7fb76933ac5e4f948ceafb32cb215cf073f3a95c60eef5c57e7b5b31a9564dd4d75d0fa9a14634a368687c4fad7ecefe22f8d5a8cd6fa06977daddb431c8eb15c5b08d48910239dcd8ea000467d6b89f0c7fc13efe26780b53befb0f86e366bc8be668ee600b16d24850431dbc83938c800fd2bf53ed2e6df5bb5d0cadb58daddb58b5a453f9824789f8574672064160a7df60eb8ac74b4b3d57c4735bdcdac76b6d67be6bc58546f3348c776547040662c7a1e73ce68fedcaea3cb18a489581a7cdcd7773e54ff8263f80be227ec6bf1cb58f12f8e2d6c669bc58efa75f5b7f692b452c4c15c4ca71c324a140047219b07d7a7ff82c478535afda0fe057857e2236a969a4e8ff000df5b5b8d63476276c96d2bc682e236232cd190772b606d6247439f4bf1ce99713e9d6f6b1dbff00684c1425bde5a10cc4895d7cb05b1c85cf206780a72071f9bbff000557ff008288ddebba578c3e13f86f50b5bcd12e7528edae2780b96b68edd1124b70c7ef092656cf190158670d8ad70d88c6e2f194bd8a5babe9a72ecf5dd69b799cf8aa7468e1db93ff00873e12d735b97c71e31d6b5e914e753be9ae803d40762547e0b8153db45f6a78e023315bb8771fdf6c557d3ec3ecb6d1c2aa3ccc191c7a62b57408c4b69bbf89b93f5afd4d4795591f1df13bb3b3b271776c626ee315d87c0bf8ba7e196a171a4ea4d9d175471b9b00fd925e82519cf0470dc74fc6bcd7c3bad799023370c3a8ad0bb74b93b895e9d0d67522a4ad21c26e2ee8fd68ff0082747ed351fecff15af87afb52b58744d45cb5a59c91a9b5bf56c968619cb6d8dc31dd1ac981f33a062a502fd65e2af0769f7be1c81b477b9b12c89218f63412c2af93e5ecc653aca30401cfd2bf047e1d7ed19ab7c33d28e9738fed9d049e6d653968077284f18f63d3b62be8af809ff0581d73e0d456f0596bd36a7a7d91fdd69baebb2b4099ff005514fcb04c7fcb37f3133d1457c5e65c3b52551d5c3efdba7c8fa2c1e6b150e4abf79faa5aee87a9f82916e9aca4ba921b75b9b65817cc8a4064036648dcbc67a8ce0f07e5ab90436769a65e7d951564467e1db6ca180014b60ee3d300e49db835f19785bfe0b4be1bbcf0b4cde28bcbcb50ee678e2b8b037c25241fdd896cca9201391e64499e0935e27f1bff00e0bdd7b2b476fe07f0dfdb26503ccb8be4369b0aa855daa8d239c8fbc4b464e1718c57830c831929b8723bf9edf7f53d296658750bf37f5e87d71fb71fed6965fb2f7c2bd7fc4124d1df5da34563a6dbac8619a6ba91096591b201c0f98ec1908189e4a83f8697da8cde32f125cea9332c8ad3bcf2bedc09e5762cc40eca09e2b7be347c61f167ed17e2bfed8f176ad2dd488d279566836dbda2b3ee291ae4ed0c70589cb31e58b1e6b2ac557ca8e35c2c6bd00e95f7d92650b054df36b27bff0091f3598661f5995a3f0a191af916f34cdf79fe45152e9b31b1b2cb7cbd4fd292fd3cfbf86dc7dd45de71efd2aaeb7234d766d63f95554063e84d7b5e479d7b1fffd9),
(5, 'Fish Thali', 60, 0, 0xffd8ffe000104a46494600010101007800780000ffe100224578696600004d4d002a00000008000101120003000000010001000000000000ffdb0043000201010201010202020202020202030503030303030604040305070607070706070708090b0908080a0807070a0d0a0a0b0c0c0c0c07090e0f0d0c0e0b0c0c0cffdb004301020202030303060303060c0807080c0c0c0c0c0c0c0c0c0c0c0c0c0c0c0c0c0c0c0c0c0c0c0c0c0c0c0c0c0c0c0c0c0c0c0c0c0c0c0c0c0c0c0c0c0c0c0c0c0cffc0001108003c003c03012200021101031101ffc4001f0000010501010101010100000000000000000102030405060708090a0bffc400b5100002010303020403050504040000017d01020300041105122131410613516107227114328191a1082342b1c11552d1f02433627282090a161718191a25262728292a3435363738393a434445464748494a535455565758595a636465666768696a737475767778797a838485868788898a92939495969798999aa2a3a4a5a6a7a8a9aab2b3b4b5b6b7b8b9bac2c3c4c5c6c7c8c9cad2d3d4d5d6d7d8d9dae1e2e3e4e5e6e7e8e9eaf1f2f3f4f5f6f7f8f9faffc4001f0100030101010101010101010000000000000102030405060708090a0bffc400b51100020102040403040705040400010277000102031104052131061241510761711322328108144291a1b1c109233352f0156272d10a162434e125f11718191a262728292a35363738393a434445464748494a535455565758595a636465666768696a737475767778797a82838485868788898a92939495969798999aa2a3a4a5a6a7a8a9aab2b3b4b5b6b7b8b9bac2c3c4c5c6c7c8c9cad2d3d4d5d6d7d8d9dae2e3e4e5e6e7e8e9eaf2f3f4f5f6f7f8f9faffda000c03010002110311003f00fdc5fda62d1eff00f670f8810478f326f0d6a31ae4e3936b201cd7f335fb2c7c36d623f825f0f7c36d07fc4d21d34acaaa372c7999db93ec180ebc9fad7f4d5fb44df7f667ecfbe3ab9f97fd1fc3da849f3676fcb6d21e71ce38ed5fcf0fc2ef8b5e1df859f07bc2b75e20d534bd2ae356d2edaef50babf9d60e67884b15aaabb6fe6365623fbaec09cf4e7c6d950e65f15ff0b3ff00807bbc3f8e9616bce495ef1b2f5e68dbf04d9ea3a3e9f6be05d36e34eb1b50d70b064deac6acf74c472541f94c43fbcf943ced46fbe6a6b9e2cf101d36d6cec2f26b392f5f10bdcdddc911f19ddb51d1540ebc28edc5771e12f11786743f05eabaf7882fa46863682254b3b437d73acadcee506df603b98460ba9c150064e0035eeff0ebf69af837a15d4330f8777d75a5e9f0a4506a135e4779a85b2aa2aed28ea015c6490180246003d2be5563a8d3a89e267ca9f937f7b4acbd1b3b71143155d3a94e9ba8fab6d2d77b24debf24ff0003e3ef03ebbad697a93af8d34eb1d5749bafdd3dfc45ae963e40fdf2480cea848cee57751d4ae3a687c6dfd9cedfc09a6b788bc2d0c91e9caa0df5833922d09e5668981f9a26073d7038238e07d6ff0013fe05f84be357c3ab0f1e7c1d86fb5e5be9663731452ec96d997910b41210d1c8a4e76f5da3818e6be5ef0ff8875df0df86ade658d754d256773776375261cc592b716e33d51d72c17aa480103048af5a35254e4b99a717b35d7fe098e53994e84dd5c3dd38fc507f8ffc067d15ff0006f5ea86fbf68ef1f2396665f0cc4558b678fb58c8fcf15fad95f943ff00042cf0c43f0e3f6e5f8a7a0dbef92cdbc2d6fa8d84ec08f3ed25b95689f1db2ad83eea6bf57abd9a724e37463c495a35b1aeac366a2ff04733f1af468bc47f06bc5da7cfbbc9bfd16f2de4c75daf03a9c7e06bf91afda33487f1c5d4de259eca5b8b5bcd66fecb4a9aea53e55bc16d218846a33b77796202a3fbaadd4671fd75fc589bc8f859e26939f934aba6e3af10bd7f36be2ef086afa6f87b41f0afc2fd334efb32693a5ebfe2fd72f34eb8bcb2d1bedde6bc0648b0332109972d854575ec49af33349b4927b77edb7f562720c74307895889252e5e9b5f4e8eced63d63fe09c9a34ba4fec09716fa65f5f2f8f3c2ba8b6b36ac85b6d869e4bee8464153fb99a4250745600e071597aa78af52f0045f68b2b77bab6bdba305d4567134de4120b10872cd8390075033d8723b9ff8277fc56f195ff8c752f86be2f5b0f0dea5245f6bb87b18238ec353b0b852a9751649f277b2a234472030c0c8e2b5be37fece1a97c18f155df8abc2624d47c316d2ec4d199b6dddbca4008f11240991817ca64150081bbb7c7e6d819d55ede9dad6b7adb6febb9efe599b537889aacadcd2e656e97fb3e8ba197fb127c57b0fd99bf683b16d2ee352fec9f1bce2db5bd32ea50cba7a670266563b4046625586588cae70715eff00fb517ecfda3eb7f1aafef21b0bc0dad46cd2c1336c82dae02a66e532421f94a0279c7cdd4d7cafa47822f120d43c57f11bc5d63a5787bc370bea1aa6db68df56bf10b8716b6f1a1d9165cac4acec586e2769e00e5bc73ff056cf187c5cf8abfdb173e11d2ed7445212cb4d13c934b6508e3872769908e49db827d6ba3038dfaae15c31127ab5cbaddf9fcada2d3cccb1d83fae63957c246fca9a93e9fdded77dfcac7e86ff00c1193c3057f6a3f156a935c43717565e121a431494c8c91adf0911189031b7736d1fdd23d2bf4c2bf33ffe0845aa1f16fc56f887ae5bb6fd2750d26ce4b4f9305034f2ee563d370daa0fd2bf4c2bed307353a319a774d5cf91c55d55707f674fb8c1f8a9e5ff00c2b0f12798ca91ff0065dd6f6638551e53649afe62fe097ed79e2afd9c1b50b3b7d1e6d5acdae67d1b529610ed79a2cf109630eeb1f124335b94501c15ca704118afe963f6a1764fd99fe2232b1565f0c6a4430ec7ecb2f35fcc6fecf7e1ebaf8e1e0bf0bfc5cd3e1b8d52c7c45671695e2ab7b598c535beaf670fef1db040db3c5179c33d7e70391838e6587f6b4edb9342708cbdfdbb9eb9e168b5283f696bef1468735ae9b673c769a5db4908df0adb4718ccc0300cc19a42c119720c6491865cfd81a6f8bb4db2d3f5c6fed2d2b5e6b39112f97510aa2e83a3f9255570aac029650307e4618e99fc99f107ecedac7c69f11f877c67147ad78b350f1632cd6d0583359db68769711b496ab0386fdd18f1b431da1e4183966acdbdf1bf8fbe24fc33d69acb5ad4e3bebeb7920f12dd194c373790d8c8c8c242597caf318465db82590a8fbc4578b87fab49357f87fe1bf35d91eb5484df2463d7efe9b9f757ed7514bac69b0e9eab1ff67bdbadc36e3f34c3cf0d8ff6806da7f226b81d1fe1c586b3a12c725bae4a7caca3054e2bc37f60cf857e2df0ff008a7c356fa84fa943e0ff00197db22b4d3f539c878248e20df688e376322c72e769dab8ced6ed5f6e41f022ebc3760b7171a9787ad74d8d82b5ddcea705b88c1381bd19b78271c00a73db35f9e71742aceb46ae113946d6f7537669bba691fa270bd4a34684a9576a2ef7d5a49a696cdfa1f56ffc1ba36f7da22f8fb4f9d316b1bfee5dbab1564c81ec37f3f515fa8b5f95ff00f0448f8bba5f8b7f6d8f1e7847c317d1def85fc17e110bf69588c6751bf9ef91ae67c1e768d891ae7b21f5cd7ea857e9fc3187ab472ca50afa4ad76bb5db76fc4fceb88a5196615270d9bbaf356dfe7b9c2fed45ff0026cdf117fec58d4bff004965afe4bffe097dfb552fc03f8717b63ada9bcf06f882ecd86b16ea8647b42111edefa24c8dd24121cedc8de8d227f157f59dfb52ff00c9b27c46ff00b15f53ff00d2496bf8c0f8091ad8fc2bd4635191fb9bbc963f7db729fc30a2bd9ad26a3ccba346593d1a75ebbc3d5578ca325f85ff000b69e67d37e12f10789ff673f12c7a1f82fc49a5dce87ae69779a3e952dfeaa62c5b5cce245115bed6170a8ebba39222c400032ab2915d4fc76fd86756b3b0b1b5be4ba8f52d0ad9afaf2ffc40a6cadb5496562269262a490b35d16d8c32bb9546466bc5be037ed21e24f813a84575a5ff0065ea36135c20b8d2358b14d434eb8dcc3398a40769ff00690ab7039afbe3c3df0ebc1ffb61e9fa6ea5e26f07e93a74d7108431e8d777d670c615b236279e4273cfcb8e79af23eab4b99d58ab49efe7fd5df635c7aaf819aa4da945ecfaadbe5f99f2bfc00f1b693e0ef8fde19d7bc4178fe22f1e436b2699a5c30ddaea11cf7b2294333985372e50ed10a798ccfb9ce322bdabf6e3f8b9ff000827c5fd3566b06b3f1d69fa7c4ba7697770a3dc684f244565bbba037aacdf31f2d080ca4a9e0a927cdbf6a9fda1a6ff00826b78e3fb07e09f84fc1be09d5b568de09bc5696935ff0088a246c8610dd5d4b2f9191c662553cf5af9dbe1f34dab2dceb17b73717da96a1319ae2e2e5fce966763f3333b65989f5249a30b4e9c15a9aeff007765f79db97e0e78e92ad5e5ee2d6ddde9ab3f5cbfe0d61b136ffb54fc4e6693733784a0ddf36e2737a393c039e3f5afdc6afc33ff008355af5eebf6aff8a4adfc3e12b71c13ff003fa3fc6bf732bda87c270f102b6365e8bf247fffd9),
(6, 'Veg Thali', 40, 0, 0xffd8ffe000104a46494600010101007800780000ffe100224578696600004d4d002a00000008000101120003000000010001000000000000ffdb0043000201010201010202020202020202030503030303030604040305070607070706070708090b0908080a0807070a0d0a0a0b0c0c0c0c07090e0f0d0c0e0b0c0c0cffdb004301020202030303060303060c0807080c0c0c0c0c0c0c0c0c0c0c0c0c0c0c0c0c0c0c0c0c0c0c0c0c0c0c0c0c0c0c0c0c0c0c0c0c0c0c0c0c0c0c0c0c0c0c0c0c0cffc00011080050005003012200021101031101ffc4001f0000010501010101010100000000000000000102030405060708090a0bffc400b5100002010303020403050504040000017d01020300041105122131410613516107227114328191a1082342b1c11552d1f02433627282090a161718191a25262728292a3435363738393a434445464748494a535455565758595a636465666768696a737475767778797a838485868788898a92939495969798999aa2a3a4a5a6a7a8a9aab2b3b4b5b6b7b8b9bac2c3c4c5c6c7c8c9cad2d3d4d5d6d7d8d9dae1e2e3e4e5e6e7e8e9eaf1f2f3f4f5f6f7f8f9faffc4001f0100030101010101010101010000000000000102030405060708090a0bffc400b51100020102040403040705040400010277000102031104052131061241510761711322328108144291a1b1c109233352f0156272d10a162434e125f11718191a262728292a35363738393a434445464748494a535455565758595a636465666768696a737475767778797a82838485868788898a92939495969798999aa2a3a4a5a6a7a8a9aab2b3b4b5b6b7b8b9bac2c3c4c5c6c7c8c9cad2d3d4d5d6d7d8d9dae2e3e4e5e6e7e8e9eaf2f3f4f5f6f7f8f9faffda000c03010002110311003f00fc7cf893afaf8abe216b1731187cb8a408a467e409c05aa9fda116bf64ab2feeee385672bf339fad71fa46a7e70dccec647259b9eb9e6bdb7f66bf836df1735030dbda5acd33453de31ba91bc9b3b6b75ccb2b9ebd7818c9dc540193594aa469c1ce6eca2aedbecb73c9fabcaacf963ab67196517d87e56556871ce3bfbd5fb78a1f2fcc48fd46ec06007d3d6be86d2bf65dd26fedb37e9e4b0381e54126d63c63a4b9ebfecd710df03f4d7d7a5b4b3f32e2e239cda816975b95a5ce36648387edb4e0d79781e21cb71b51d2c2d65292e9aafbae95fe474e2b21c761e3cf5a9b8af34799a787add2459102ed61b76baf43ea0f6ae8bc1da74853ca91a3dac3782060e738e0fa57aa5d7ecc36de13f155d6957d79ab68d7fa7a2a6a169aa46b13d8ce7aa3ab05da3a60b609af5cf027fc13ee4f1cdcd8c5a7f8c749b392e61591229c26e9d18eddca03e594b0232073838e95eec29b6cf12b46a455ac60fecc7a05e49770c31c31ec9581395f97ad7e875afc3e9ae7e1c431daac568ba5cd019ee07ddb8322960003e9b71ed9ae7ff66bff00823478e3fd1d6d75df0e5c4b8236cef2daf20e38ca907ebcf5afb0b4ff00f82727c5ad27c2ada633f856e2ce30eeb0c7745de762001f33a80318c8fad7a94a54e115767ce56cbb135aa49a83b58fcbdf8fd64da7ebdf69b68ded6ea105938c63271c8efc57aa7ec67f04b4eb1f875a8788bc4da35ab4de2af992fef2cd6488c4032ac0d907686ceece30491ed8e4ff00e0a97f083c41fb21dac9378db4a9f476986fb5996412a5daee085a36524315dd923a81db9152fc5bff0082a54da3fecbda4780f44f08da8be1a0da5aff00c2531dda4d66d184c2ca9129cf98318f9c707279e959e29464fddb3d2ff21e57869518ba95538b8e8935d7b58fc5ab62da5cd24d347149136095e540e3a67b118fd2bedefd817406f0efc0cf176af22aacf258e9ba1c4ec71f3dccef792ae7dd6d147e35f0fcaf71aeeaf6eaa153edd324385e8bb885fa7424d7db3fb3dfc4793c3de16d43c3b243e5e8a7515d48dc88199125480c2048e385408c4827804924815f1bc4d46bd5ca7111c3c79a6e36496ef6bfe173f55e1a74a19852a95da5152576ff000fc6c7b169375beed230ccc8a72fb7b63b1e0fbf4aeffe03f812cfc61e3c9257b0ba92df47865d51bec31a1bb9da3188b60230d21919194609caf42700f9d59dab5a2ac76ecd04848de4f380719ef8e98233f5e6bec7ff008273f80a18742baf105f5d5bc767ac5cc76f1025658e416ffbc21d7059487c2e718c31cf6afe7be10c27b4cea8ae916e4fcb9536aff3b23f6be2cc4429e593e6fb564be6d5edbf4bf43eb4f83bf0ebc2b67e08bad4174f93527f105aac9ae5cea96826bed5ca2ac6867debbbcc8e3451b36829b481835c3afece7e13fda9fe04eb4d79f0bf48d175cfece9bc2f6d653dcaa48b6c8c92da186f114488837075c00cbf320e064eb7c3af883af7c39f86ba9c7e3bba5f113e936b3de5cde4708b54b8b0794b22175036cd1a80d9c65948e47359be21fdacfc1fab687e1bd39a3d5ad2ebc6d7bf60d36ee00d64b693cd10259a43f34732c32974575cb103680541afdede2a51b4f9be4f4d7d75ff002ee7e3f8ac0cf9e4a1ef46f6ba7eefdf65a7aa5e87c53fb617edbbf1e3e07db699a6af8d35cb6b7b3f08d8345a3db301e4dc42be4dc833051272d04acc4329258679ae2ffe09fbff0005c6f8bde1df15cda2f887c7daa6b3a5eb36f716776ba82bdcb69adb08825b66deaf1b299093827ee2f071cfacff00c15334ab982f7c17e2ad4b45d4e0d3f4f99f43d621bb655bebbb770b70667f2c9c3b4893be79debc9c64edfcf88fe1ee93f12ed6dddef5341be8647fecc784a431c2b24bbd5277230ca4b0259b9c640e3007ce6658ead4319294a724db4e3bbb732d9aedafea7e9591e5b87c4e5708ba51d22e3356576e32b3b4bbe97bf55d4fd36fdbaf53f107edefff000409f86fe2ef166a12788bc65e09f19cfa46a1a990be6ea11a49736eb2b1518dd2442d59bd58f3cd7e6afc38f00c3f0dfc2fa809c2cdf6d914bef0c0a8e8063db26bf5bff64bfd9ef5df0eff00c10cfe36f84fc40d2dd49e1ff15cfa858ea06031c17be48b179e483fbd1aca9709b8752addf22bf36fc5ba7368b712790ea6462636888f94af207deefef5fa5603da4f0d1a957e2b2bdbbdba1fcfbc58e9d0c7cf0f4afc97d3d136befb58f80be1a584777e37d26152af1d9cd25db30e76aa2923f5c57e8d78d7e235d7c05f839f0cfe1fe8b7169a4b58e97a778a75878218d6ea6d4b5286576134a412523b39d418c92a54f238af80fe08787e6d7fc7735bbac6b712a43a6aecc637dc48076e338c57da5afdedafc56fda43568639b575d26d755b958ae6745778763496f1c7850405d91222a9e31824f5af99e2cc654c3e06d4db5ccf569d9a4b5dfccfbee13cba389c47be93e54dd9eddbfcede6759f033e19f8c3e246ade2c83496f0bdbe99e13b282ecdceb176b630a5c4dbc47690b65558bb21d91ff0e78c0c578e7c37ff0082a778c3e0adcdf5b69da94cda7cd7b24f35ae17cb494aac4e5011b94ec455c67042ae4122bd7bf67abab7d535bd7a06bcf2449ace8db15be57cc2d73b7e5e30ca4c7d3a73e86b8af05fec8f6ffb62fedc9a9689770dadbaeb3ad5eea7acea0230ad6b6cb333cd20c7473908bdb73ad73f0ae1701f57fae460bdb34b9e5addf549f44f44ddbadae19f4b111c54b0d293f649fba9ecba3b75b763e86fd923fe0acfe2cf88de38befec9f857e20f105bdf2c6b656da672b6770928757dcedb5b29fbb380303006de2bd43c69f1e349f815e187dde08f127806fb59d5c6b7ac5d6a9689ae5ac37ad746466655955d59a322312332e02a8190b8afa97e16fc35b4f86be0eb5f0bf83e3b1f0e68b610c6ba75a2d921b78215215e2dcb8772c46e67625b7499e4d41e2ef8776ff1cbc2579e11d69668d35088b69f777770b3dee977dbdf6b9c163b31b77a7dd68e520e4e71d8f10ea54bb82e5edaa76db7bf5f433a32f674a5469d49479ad769e974ee9b8db5b7adfe6781f8f3f690fd9efe3df80bc69a7fc40f887aa5aeade339ad350b3d4e4b4f97467b359c45e5c7b806016e24565046e1803247347e117ec2ff0007ff006719bc2bae4fa869bf1ff59f8a96d16a3e15f0d6936d25a787a1b559f62df5ccb2b194a8906d30af96095656c8cd7cc7ab7c16f863ae7ecb1e22f1a2e8f7569f14be12f8a6cec751f0fcf7067d36ea47ba118fdd30dcd0756c10398994e41aec7e197c6ff0dfc2cb7fd98bc45e23d435249fc3be15bfbf6b7d2ed0cf3dac6758d5674610e3632bcbe5a80a7e50add062bdea980cbf153a78ce4bb496ff00aaee99e5d3cc338c052ab977b4695fa5baa4ee9f66acfcf43f4d3f647fdb617f6ead27f69ef837709a0c87e18e9d3699a25c68d6e2dada7b596da6b7216207680971012b8e8aea3b73f8c5e39d4904ede75c493aa947930bb4f272547190457d49ff0006c0fc4083c29ff050ff001a69ba95fdbdc7fc26fe08bbbabc651e5c42e61be8a4718cf4d8eedcf40de95f23fc7a91bc1df117c5fe1f336d9b46d72f6d9580ca9f2e778f247fbaaa057a1b3696c7c8e7947f84f77afe8cf94ff66d79b4abeb7bf8a25692d6e9b50605472b6a9bbbf7ca1fa935ed7e00f1cdd5adbe97aa68b710b59dd46af7a6e103480b3ee6ddcf24b12dedb88c571bfb207fc233a36a4f6de2eb9bab486e3c3f3c5079712c9f68bb902308db7b2850c0b82c58629fe04d160d21e28db4b9b4fba9222e63b6cc8acbc0230a482158900939e7935f09c6184955a11e58b92d744aebe6bbf99fab709d68d29cef2517a6fa3b7933defe19f8ae4d2758f165d4de5c7349e21d3657118c2ab2c7744e3ebbb39ef9afa97fe096fe0c8ef3c6df19fc51bae52e17501a0dadc5bb0578434ef3ca14904027f759c8e8b5f12fc24bf8fe2841e26b3b1b9b5d3ef5a7b79eda1b894896f1512743b00c97705972a39f9b3d01afbc3fe0995ae2f825fe2368b7515f59ff00c243ae9f11d8dadd4652636b2c7b194e3224f2dd1412bd37a9e320d7af81c2d4a395c29c95ad18dfeed4f0f30c442ae6152717bb76fbcfb146b8d25eb18fac6fba363f290a400430e808ce3f0a8355d4ace5f256f20be8e6bcb98be6b5dfba46dca55894f9ba85de0f1b47240ae763b98b49d65ee6291596468c346bbee41f31b6fcc8bf320e092c720609ec41d6b4d1f54bd6b396ea66d3e1b19cdc4aeb2232c918475cb9d9f701915b1f29fdd83903703e6c6f7d4d9456e7c41fb74fc318a4f167c7af1327d9f4e6d6acf47bf48e395926d4cc3b2469d948f9591b78daa483b49382481e7df047f68df137c26f8c7f00d3c1fe1dd1f5bd4b49f0758dbcd6d7368af25d8bcbe7643bf82042d96393831c93aff166b1ff00e0ac9f192ebe2dfc4cd0468b25c5e0b8903d85a5b23b4d7d6eb1c88f3918ced6285c019c865cf438abe1ef025c7847e3dfc38d5b545fec9d234df0e786c437572e228ae64483ed0d1ab1e324ee1f5cfa1af7787e32961e537b3936bd2eec72f11565eda9c1fc4a293f5492fc3633ff00656f12eadf043fe0a3ed1e9b1c5a55c2c9ab6831f94415567865f30647502652173d954735e6ff00b66cb21fda37c517171315bbd5ae96fdf3f30432a2b306e4e08624e7debdbbe3c782e3f877ff00050cd1bc4da7c96f7da06bde2d8af61bdb3956e2de092e6f1a5fb3c8ebf765104ab946c1ebe86b81ff0082997866db44fda7e1b8b385adedaf74b82e93702532a5a36201ce470b906bde947dcf99f1b98494ea45f97ea7c2763f19ec64d36d52fa2ba4bb8e358e578d43a4bb46030e410480320f7cd483e2be8ac721ae9727bdbf27dfad79cc969c0dc428c81ba9c2cd63be5655f32146ce4fca24031fcfd3a8cd706e7d22935a1ea9a77c56d1e23b7ed171ba4e00f21bff00d553defc6cb799a236dad5d5bc96edf238696368cf43861c8fc0d793dc5967763716c96c0076a83577fb1a17d321dad37db989ca4802451e00279fe22473d8f18c51d2c2f6dd4fac3e02ff00c151fe22fc1d290dbf8f1752d3de25b778356885eb796b9da82575f3401b8e06e2064e057b36a5ff00055cd6be28a5bdacdafe97691db94c5bc9a918aca329d5dadd1537b703efb1038c01cd7e7443a3c66419991983ec0c0fcac319dc0fb56f787f4a86597ececac6646659034857cde7a13f8119ae7fa961dcb99c15ff000fb875331ab15eecade7d4fd63f819fb607857c63ab5947e2af167c35d4d638847f6891ec7ed9127a24a4074c67a2918ed8afa73e3bfc76f833e27fd8efc710cd75e10f145dd8e8528d1204bf825b9b2b9c0487c858e4ddf2bb060bcaee19c6735f843a3f85ec750bbb456db1c323302ec9b5411c2ff0021f9d775f0f7e1945a3fc6ff000ef89238635d374d65959010252c926eca9f5db9c1ec715ee46b271e4514bf03e66b538a9fb6737a6bff0002fe67ef77eca5fb39fc17d4bf657f0478cf44d16c756f1eea1a2dbc97cb777d99a49a373b59e0f3085932a186170adc8c66bf3f7fe0b1fab68bacfed03e10d2ec76c7abe8fa2cb1eb70c6c08b592594bc513edcfce1464af55de01c74ae2ff6ccb0f08fc58fda63c59e34f867a7cd0f86752b886eecf369e55c22adac292b3af54532ac8475eb9e95e19e24d3e5d3f505982f96db0720f473c9fd79a8a926d58e1957526d2d6da1ffd9);
INSERT INTO `items` (`id`, `name`, `price`, `deleted`, `image`) VALUES
(7, 'Noodles Non Veg', 60, 0, 0xffd8ffe000104a46494600010101007800780000ffe100224578696600004d4d002a00000008000101120003000000010001000000000000ffdb0043000201010201010202020202020202030503030303030604040305070607070706070708090b0908080a0807070a0d0a0a0b0c0c0c0c07090e0f0d0c0e0b0c0c0cffdb004301020202030303060303060c0807080c0c0c0c0c0c0c0c0c0c0c0c0c0c0c0c0c0c0c0c0c0c0c0c0c0c0c0c0c0c0c0c0c0c0c0c0c0c0c0c0c0c0c0c0c0c0c0c0c0cffc00011080050005003012200021101031101ffc4001f0000010501010101010100000000000000000102030405060708090a0bffc400b5100002010303020403050504040000017d01020300041105122131410613516107227114328191a1082342b1c11552d1f02433627282090a161718191a25262728292a3435363738393a434445464748494a535455565758595a636465666768696a737475767778797a838485868788898a92939495969798999aa2a3a4a5a6a7a8a9aab2b3b4b5b6b7b8b9bac2c3c4c5c6c7c8c9cad2d3d4d5d6d7d8d9dae1e2e3e4e5e6e7e8e9eaf1f2f3f4f5f6f7f8f9faffc4001f0100030101010101010101010000000000000102030405060708090a0bffc400b51100020102040403040705040400010277000102031104052131061241510761711322328108144291a1b1c109233352f0156272d10a162434e125f11718191a262728292a35363738393a434445464748494a535455565758595a636465666768696a737475767778797a82838485868788898a92939495969798999aa2a3a4a5a6a7a8a9aab2b3b4b5b6b7b8b9bac2c3c4c5c6c7c8c9cad2d3d4d5d6d7d8d9dae2e3e4e5e6e7e8e9eaf2f3f4f5f6f7f8f9faffda000c03010002110311003f00f27f017c2590d85bc8cdf2e33f779639f439af4ef017eccd63aae8accde4c7b4932655b6fbedda39279c0e2bd8b49f819ff08817bcbdd3a42b0ae1d4a6e58c103a8f6fd735b5e13d6d754824834fb35791493b5f850471b82ff4aeb333e73f8e42e3c0dfb0a7c60f0bb4d3ae93ad68ef28291096484c6cad279633824aa8ce3a0527dab53f60dd4ae1bf645f0ccd7cad14df67b76b7666c97f2981e0f6c7d78e2bb4f1ce89a8789356bab4bab3fb5588ca5cc4ca0c6c8ff23ab01ce0ab1071ce09af3dd13c4363fb3b786fe1c78234b9aeaf2df47d592da592e21d81e19c48a993df82a871d0919eb49abb03dd3e357ecdfa1fed0f15a69f7db6c7c4ac5e5d2758b67f266665f9c1575f99645ea48e1867b935e1be0ef8a7e20f845e33f117837e205c2e99aee9ceaba67895a0096faba2c6a37cf8f955ca845dff0075b0a4f22bdeb58d7b4fd1fe1f789f50633450e9f6074dd3da35f9fcfb82a762f6dc1428ce470793c135c67c47d4fc29f1cbe0dea16be2ad434bf3bfb2decef7518654956d84d11895d981254ab30cb1e319078a396e07cc9ff07007c65bef8a9f14fe1ffc3bb3b79bcdd3b40b2bb781496692eaf390a40e3e551ff8f1adcf86ff00f047083e1d7ec6975e2a91eded7c63269134d07dadc470172808249fbbb5ba1c819233c57b4eadfb1e7c3ff8b7fb68699f15b52f15d86a1e1cb1b3b1b4d3ec2371b316d6eb1a895f3f2801771e83033eb5d1fc40fdb7742f8bbf137c5b34f7569a3fc1ff0083ba6c3f6ab871b63d66fe519822dbd4a8182b1819c0e7971b726eecae87e77f8dbe04fc42baf0f68bf69f0f34bfd9fa5411a5f6f8e1b79d5e408732b15df92d90541394231deb9dd5be12de6973b33ada4f246cf0edb69db7b320c91b5b078c83cf6e71d71d37c55fdbda6f894162585b4bd3f479dcd95992d1b5e432a7971c853b3286c6c5c9419c72c09f5ad57f635f157c57fd883c45e36f2752b5d71678eeadade323ed3a92c185091ab708d2db99176807391d79cc464a4ae8a3f4422f8dd045a5ea0b70f1c9796b198da4b81840bec7078f6c1cd5cfd937e1669ff1ca5d43c45617d043a1d80c6fb47171f6b73cb6c7e81573cf19e45787eada14bacf87efa3b375fb54f13ac2c1b685940ca64f4fbc0707f1e2bb2ff822bfc4ad0bf672f80777e03f1578834bd27c40b7777a8cb2dddec6b15d6e3895d2527cb24100919c8dc7d0e3e778a334c461284951d2f6b3eb7bbbe9e5a7de560dd395750a96b5bf1387fda7be2ec3fb3b7ed6e7c057f0c4b6be2ad2c6a3a2ea45bfe3e91e46470c3fe7a44e8dd383f29ef8af0ffdabfe3ce87f007c1cfe2bd50ab7f67ccb0da44bb5a7d4e7c965b755618c3632ce7ee805bae33e73ff000547fdad347fdacffe0a57e18d5bc132bea9e15f87f07f60e977b16f58358b83234d772a1c730a16440c31bf6ee1c1af9eff006854d43f6d3fdaee4f08c9ad5be93e1bf87f6eb6b737ab119228276c1b8944658062a415e5beec07e95d99666152396c7118d7ef28ddb3678775711ec68f57a1cbea9f15be2a7fc1447e2c5d45a9ea97d06918b9d45b4cd3a393fb3f4d8115e5658e153fbc91b6ec5dc4b3bb0191d051f02fc01f1a697e3bfecdd1e1d42cef269245864497cb370890f9eeae838dc223978b92320104119fb93f669f85f3daf872c6cbc32ba5f85f4eb7d32ef51b1b8b5b1844bac4cbe4c514ed2e7f76caeeee62e047bb9038275be32463e1f7c3d8b5ef09e83611f8826b6bcf12496f39492e2da695630f2aa7036aa265369394284a75cfc5d6e3eab1c57b2a70567a2bbd9ebab3f40c3f01d396179aacdf32bb6d2e9d91f19f837c637be19f1ceb9a9eab71ab5bea537cdaed9adc3ac37718015a511a9daa5700bae3181b8018615d62d97807c57f07fc23378b3c45e30b7d3f5296e238b48d2e6531deea51b38130894f98c42852d23e40593823383c0697a35e697716f7179a826a5ae5dbcba9dd1863668acb73902091ce464a90b8380c1b0b91cd798fd923f867f1956c6c6292590cf1be9879691a19c82918ebce5b6f1dd6bf49a35a156846bc5e8d6bea96a7e7388a72a15a546a74dafd8f6ff0f7c30ff846ff0067af0debbaadc598f09e81aeea9adcecebbaf349db22886156272d71332c5b1392558e70a335f74eb5fb59683fb63fc2bd1f41f09788a4d1bfe119beb4d56da69a1f25276087e4954e011b18f0327207bd7c0ffb5cfc4aff0084f8f86fe12f86f52b7b9f0df8367b61ac5d128901d66ea408e44981bbe6565dcd9c05c6715ecbfb3dfc135f815f0a19b5466bb6bfd4e586dacb003efb762b2e777dd552a72d9c0c83d071e170f4ea55a5531138f2a9cdb51ea9746fcddef6ecd1c98594a51727d5e9e87a578b7f69d93c29fb4c41a1dd36751ba516715bc3330b5bbb772ef1ca514f0eab90c79e428ae1be36788efb4df105bd835bd9dd5f59c1f678f4b8ec906f123832f98990cc318e57038c9c72b54fc37aefc41f897e2dd37c4979e03d261d36c6cc6a16303dbc92df5b69cfb42dc99d9b710cce801d8158b7ca00af64f0b6b9e1bfda47e2368f63ad5858695e28f0af9612f5d0a98a070d89baee2b82db90f46561cf5ae7c465786c753725539a5072bb77f5b7cbab30950e6f54713f02fc33e1fb8d4afbc41aa359cdaa693692dd4169245e5cd6f6cacc6560a49dd19952455938dc0018c015f317fc12beced7e277c5bf881a97882475d3351821bc9c88964796ee4bd0628d43fcaa5da475dec084049e99cfd77a5fc0cd3f57f0b78bbc7fa65deb57573aa69379a7cf71793f99b9996748d14919d85a27280718538000af9d3fe0899e23d3344b6f1945e4eb575abdd49a6fd961d3e2473344a65de8d95665cf24151925540e4e0e5c4d52547219f2ee925a7aa3eaf8568f3e674637b6bf9267dcb0d8d9bfc0997458f49fb0cd637f0cf641b486f274fba8dd77dc4b2a94de3021241ca9320df911961c078875db8fda32eaf2f97578ee2dec63ba08b15b26db2b2658fcd8406407609ced00862fe42ec015a415817da16a1e30f0c6a91d8ea56f36abe15327fc25774f72d245a2addcc424d1862c648e2ba06195d46c57993395c9aa9e1bf0ed8fec9ff0b34ffb747ac47e31bad46e74fbed3af8dc0bbd42c2231cb09568c6d388d958c8187eebcbda4e715f9160f2f54e2ea6b7bbb5f5bdef77af7b7ccfd97158c6a5eca2d5fabecf4dd2ff008647ceff00b5078ab49d0be19e957927f6d45e22f12de4fa96a3673ce8db645925fb33288fe5c22c2404258aef7e41620781fed48eda37887c23ad5b2b452cd673c2840c6d6460d19faa898e3e95f417edf5f0eb4ef08fc1af09f892fb586bcf116a564fadc4a9672dbb5f4535c926421d895091c8a00e82449f93e60af13fdb83466f0ce91e0d86e2368a6916e2e514a153b4c76e3383efc7d41afda385e70ab964dc5b7793bf6ddede4b65e48fc7f8c232598423356f757dcd2dfcc77c25f0559f8bbe066ada2c1b63bed5cc378f727ef2cf0cbbd18ff781dcca578fbd9cf15f4b687f137c5b716d70f6f7d696b30d2869968d24693369c08513ecde08fde152c72324b1073939f93ff671f12b2e90cad22aed6ca9ddf5c0ff00eb577fe23f103dadc2c91b2ef0bbf11bfca720e7fc9afa184629371ebfe497e48f9e4ac7e98fc19b387c11e20d1349f146a36a64f124d1259cd04acd6cda74291adb80aa142c90cee0a890ec5223e702be65f881acd9f847f6ff00f02fd864b4b8d3b5eb7d634ebb166cfe4bc10dec82308d9dc4290e03673c9c1aed34ff0088371e27f863796f79ae5d69f1ae8ed6371a9457b14517961a2dabe671e5aa88b2eeec321b0a3764d7cebf0bbc7b63f1c7f6c8ff0084874960be0bf04592e93a54c23644745c8695148ce1d892a0f3b704f39af95e1ac9ea61255655236bb7a2ebd2ff003497ea654e2d5db3f45adf45f08ceb35bc62dade2668a368fcf67f2a38c32c636e7ef2891f9e9f31f7afca3fd9f4ea7fb33fed5fe34f09c37d65a75d4735d6931dc4f33c31ba8943c60489f328910606319dc0646735f6d788b5b9a7b89aea39a5b78e698315040eddfdce3e8335f27fedd5f0e6f351f13dbfc4ad357cb6844569aa988e1f2a3115cf1e8308c7d94d7d3e33050c450961e4b4923b3058a961abc6bc378bb9f7378335cff851f643c69a2687ff0009c48f6d63a36a3a4492f933369372cf1dc47321c84b711b2a2f01720393b866bd4be2af8034cfec8ff8456491759d7b41f0e5d0f069b4064d4bc5be1448fe71fbc521750b0124a9e58f99a382452331a0af817f67bfdb4469ef656baa456eba6cd6ef3df25b46564b9bb431f90e199b033fbddcbf740246d3915e83f007f6aef10fed05aecde038b4f87c3be24f0acefe24f8477b6771f61bc4d695774da5bc819bf77771a808493fbf863ce44ac2bf2fc3f0de6119cf0b5e17859be64fa5ac96bd56ebd4fd1ab710e01a8e2e8cad52e959f7d3f0ee784fed27a2ea9fb4c7ed87e1d8249256d0d6c2c22b459f3b534b45695caee01d976ace4e40dcc558000e2bc9bfe0a15e3fb8f8edfb4ed8e970c9185b1b38e238e520329333e71d96329f8035f4c7c6ff008b9a3ebbe1c97f68ad0f468743b1f115b8f0ef8b3c396b1f1e0fd72369657b6886772dbdebb33c47809b658cff00a901be048bc4d7de27f1d6a9abdc49bf50d523b97965c6407941ce3d86481e8315fa0e4f84585c0c30f6d958f84ce315f5bc6cabef73b5f86fe03ff84a75086d74e92f2dacd586cf2c3b4d3124e1f0aa792571d782c38ed5b3f1206abf0735ad361d4da4bab5d52d56e6da6980590804ab2b638cab06191c1c57a8fec01771eaf65a9e96b6360b1dc694526be90959ede7dd967f3232b22aa22ee43d43138cf4117fc144bc39a6d87c06f0c6b56934734e75ebbb18a5451b268c4509628c33b97cd12e40276b871c734e8e2a6ebca9b5a23a71797d3a5848578bbb97e06a7c40f827a3fc50d72e2e26b7921995c34cca70b27ca7aa838c83deba9f823e088be1fd8476d6aa4b48cbb533f7b9e9fae3354fc3fe288eda659a4f3265c7461869188e9fd6b7bc377fe7df24ebd5beeec3c641240cfb0ebf5af63adcf0e47ae78d3548ef2da18fc99a5689b94cedc9efedd7df9ae4e3d1efbc413c9f63d3e1be5914c773038c34719f94aed6e1b23ae292f64bcb866f2d956e0105a491b6e491c1c6381efd6ade8be275f8717266df34b75332bb9e9b9b9039ec3eb4c93e6ff8aff0563f04eab732e9f1dc69aac4936a50b2c58cf4ee3e9c81cd79a9f8adff0008bdedbcd0dc6ab25e593acb09b485ade48e4560caeb2363690402080482057d3ff10ef64d7afa6b89e712ccecc58b26ec920ff9f7ae5b48f831a4fc4c3342d6a91de5b47bc498c641e781edfd68e6695907b38b77ea32f7f6825f165c47f17ee3479350f00f8f964f0afc5ff095900ab0dfca7cdfb744318492e360bb824c7c9730cc830a707c5be3bfecc6bf00fe22cda3d9ea969e24d0f50b78b53d0b58b73fbbd5f4bb852d6f7200fb8eca70c87051d1c76afa0bc3fa5dbfc07f0ff8a2ce3d2ed758d27c53a54ba4eaf61349fb89d0fcf6b74081959ade60b2211eebd18d782dae810e9da8451ee66591cc6d9e0201c71e83d87ad71c694a2ddf6febf23a65514a3e64bfb3cf88fc3bf0beeda4f193788adeda1916558f4bb04b84d4132a705ddd563625792412090467045711fb4bfed0d37c74d46cac6d526b2f0de8b25c3e9d64ce5fc812c8d21cb1f9a46cbb12edf33b3bb1ea00f5b3e13b19ec24dd331866ddba257dac0ff09f65fd7ad797d87c204bcf88966acacab2cca5707233d40347b18c5f32dc255e728a837a23ffd9),
(8, 'Pasta Non Veg', 60, 0, 0xffd8ffe000104a46494600010101007800780000ffe100224578696600004d4d002a00000008000101120003000000010001000000000000ffdb0043000201010201010202020202020202030503030303030604040305070607070706070708090b0908080a0807070a0d0a0a0b0c0c0c0c07090e0f0d0c0e0b0c0c0cffdb004301020202030303060303060c0807080c0c0c0c0c0c0c0c0c0c0c0c0c0c0c0c0c0c0c0c0c0c0c0c0c0c0c0c0c0c0c0c0c0c0c0c0c0c0c0c0c0c0c0c0c0c0c0c0c0cffc00011080050005003012200021101031101ffc4001f0000010501010101010100000000000000000102030405060708090a0bffc400b5100002010303020403050504040000017d01020300041105122131410613516107227114328191a1082342b1c11552d1f02433627282090a161718191a25262728292a3435363738393a434445464748494a535455565758595a636465666768696a737475767778797a838485868788898a92939495969798999aa2a3a4a5a6a7a8a9aab2b3b4b5b6b7b8b9bac2c3c4c5c6c7c8c9cad2d3d4d5d6d7d8d9dae1e2e3e4e5e6e7e8e9eaf1f2f3f4f5f6f7f8f9faffc4001f0100030101010101010101010000000000000102030405060708090a0bffc400b51100020102040403040705040400010277000102031104052131061241510761711322328108144291a1b1c109233352f0156272d10a162434e125f11718191a262728292a35363738393a434445464748494a535455565758595a636465666768696a737475767778797a82838485868788898a92939495969798999aa2a3a4a5a6a7a8a9aab2b3b4b5b6b7b8b9bac2c3c4c5c6c7c8c9cad2d3d4d5d6d7d8d9dae2e3e4e5e6e7e8e9eaf2f3f4f5f6f7f8f9faffda000c03010002110311003f00fd02ff00826cfec6bff0a0bc076df103c556eb2f8f7c476fbb4db6913fe40568eb90704644f2290589e55485e39afa423f0acda9de2bcaaf234cdf3375dbc753fe7bd759069f26b5a8c97532fde6c05f415cbfc61fda23c2bfb39ea3a1c7e226b8860d5647592e238cc8b6480712380092a5b00ede46738c66bc8e4a386a4b9df2c575fd5fa9ed6331b52b54956a9bcb7f2f2f44751a17c3d8e2895a45e3d0743597f133e33f807e04496b1f8a3c49a2e8725df314575385925527190bd71bb8ce31d6be54d4ff00e0b39e0df17f8c35cd02d1750d274c86463a5eb96f3ac6d7ab6ee3cd2cae8422b156191bb31b03c6e047c4dfb487ed73a07c69fda06c35af889e11baf17e8badc73dbdb6a5a48174ba144887cbdc8877bb619cfcbc8259802066be5b30e34a2a5f56cbad29f56fe147d960f8031d4a12c5e754e54e9462a568f2b9bbdaca29e9ebd4fd36f107edb7a3da4ff67d06e34ed5e1f30c6ba85c4a23b5b8943fcd024833f3aa9527e5e9c9e41aeb3c09fb52787af343b37f116a5a5daea57173222a4522b47122f1bb7e7040520923b30e39afcaff0087bfb1e78caf26b3b7d2754b3f0cfc3dba88cda5c5accaf79adcb24b6e86376b794a858fcc0e59befaab1dabdebc3340d07e2d7c16d623d3fc3be3af0f78d356b29e4b8beb012cafa7d8da44763dac5137cc5999240fc80bb9339c127e1707c499d7d6dd78d784d2fb0efcb6befa6d6eefd0f7ab709e455a946387a928a96aa524afb5d27ab4a4faa5d773fa02f03f8cfc35f163c396fa9685a9d8ead637485e29209836e50c5738ea390473e95c46adf16fe1fc9f1ca1f8749e2cd1cf8da4b57b91a1a4a1eed1554396651f73e420e0e320e6bf223fe09e1fb47fc58f0afed537b7de2bd107c35b6be8204974ed2ecdadada783ed2e5669a460ca57324a5a38c6edd827b91f4bf85ffe0a73e0e3fb5fd9fc485d22eec3c0bac5a4b6f73ab5cc62daea779a558e38cc5d6411050cc46547396dca057db478cd39429558a52e68a934ef1b3576d77b6c7cb55e09c5aaea8e1dba8e51728c52f7b476b5bf13efbb9d126d2673f2f1eb5d2f83bc49b8adacdd49f9491d2a4d075ad33e2268ff006cd36e2df50d36650d6f796d32cb05c8e72519490704107deaadc6866d25dc9c3039afb48ab25386c7c6c9f32709e8fcfa1a0e5742b392e265db696f0bcd2cbfdc0bcf4ea78c9e3d3debe28fda93f699f00fc6cd3564d2f545d6ae3c13379d70ad32c56f2f9aa56386676036f98c63385f9be4f4cd7d7bf17be28dafc3df0bcaa619afefee226582ce1037b9c7524f0aa3239635f91bfb727ed65a6fecdd756fe1cf10786bc316fa2ebcd34f75282b345149233c692b3c48556666c3306fe127ee0391f96f8819b622ad7a59365d34e53bf3256ba4acd3bbdb4be89367db706e5785aea78bcc20dc62e36ecf5d7ddb5df4d743e6ab8f0ff8f7c6bf13b54fb0c96ba2685e20d5e44b9bd8eec5f5ae9cde7796ec910dc769930222b812925795048f6df027c61f85bfb30e9de2cd63c43a97887c7975e1997cb9b58b823fe25acd294558a3897c9b55333382ea0bb331f9bb1f9e7e2f78cfc3975e18d7adfc2f26976dad69a82de3934eb77103b318c976743b2428d908aa85c33b60e4935a9e2cf821a0fc3ffd9ba6f07e83f61bef1478b2d45c7885e7bb59aee4baf3542c522ab37eed501930371c9f972473f132a32aaa14a5271849c62d2566f5576dbe89755b9fd019cca8d452a2d294a37765a4569bb69bd74b59f4b753d3fc5ffb625efc67f04477da1ad9f83ecee94dde910ea1743fb5ae8ac4b1a4e64b8c808e85cae4ab3ed1d141cfc81fb075ff008b3e0a7c66d6756d5b5af1859f8aae2f77de69b750661b483f7b26fbc66fdc91705b6a2a92067767078e4356d4eebc71e3d97c2179e12d566f12471a4eb1dc5c269b24d25ba9fb38f32e1833c68aac44319466014004e73ee7e12f821f16b52f821ade8ebe0bd4756f1658dcdaea5a5ea4e22df96127926760c02ba965dd19660b139c0e99fbac264f83cbf053a74d28fb556936d6aba7cb5d4fcc2b621d4cca3f5bb4e14e5eea5b6abde7ddbb6c7b17fc141fe397c47fda13c34758f0df8635ef06c779a945a5b683a9342d77aa5b496e5e59a1953896300028558950c473dbe75fd9bff6a1b7d5a0f0ce8de3537d71a6e9f046f616f6d7eb70a6ca6699dd9707687592404862ad94e9926bb9b1fd9d7e317c47d1b47b1f8812f877c2f79671082d6f6fe13729aac7186711c91ab6e8d15b211b60dc49c1c15c71bf1c6f7c27a7c0be14f889a5e9bfdadab5baea16579a6c92fee6e5cba8fb3f96c032ab1538dabb8eddf8c71e652865f383c2422a524fecbbb5ff0003fe18fb0cb7035f0d8aa78fc354d21171575c9eeb77b5df56b75defd19faedfb18fc4fd7bc33f0dfe1a7867c37a86b1ade97ad5df91a6ce20f26d349b705fcc67d9d58aef701f824823279afd119e15b88fd70304fad7f3f7fb35fed5da1fc37f0ff85fc31a2f8fb5ff0087daa5d5aae9d75abae75ab0b1bb58d76991801123b02410acc1586700727f56ff00e09c7f1b7c6de36b46f0ef8a75fd23c4b6ba3d8a25a6ab05e2dd5d6a40706498e15831ea72b5bf06e78f058c96031bcce55a76836ee924ba26f45bf7f43f3de3ec82751cb34c3a4a11bca5a34db93bf6b37f3f3ea7ccdf1a3e1afc54f06e93a87883e266a9ab69fa0e80d27fa1d9b9ff0089b6f0002f2a92ca887be7712c463bd7c83e27d7bc59fb77fc5e1a0e97a1e9de17f02f84223fda175a947e5c16b6f246c0b85ea642092036589c3374afd92fdb8fe1d7fc24bf0a75bd50c57b77fd97a74d38b6b66f9db62960557077367a641c1afc62f891a4f8fb52f8cb63a35f6b36f67e0fd46caeb5b92680ae9d670c3043bbecf3edf9cbee652ccccccc030ea6be5b88384e9651995f0ba7345b83937bad5edbbb6c99f6dc17c40b35c054956518ce3a3e5564a2d5b45dfbb3cbfc17f09edecbf689b3f877a5f8a747d63c2b6c23bfd42dc462ca4bd8619014d8c81a3695b72a163866120ea5411cd7c59f885e11d7bf68dd4ece48e368f4d4963b18f4fe12faed537323a23647cc55719c800f5e95eaf27c2e5d13e2c32f83ec7432da942a344d624335e416eac8ae2ea792105065b690a0b05f947426be7083f67af10e99f1b26f0d6897175ae78d3489e4d420bbb3d3e5bdb85663b4799b788cb28254367682a78cb57a791fb3ad5bdb579eb185b5b2777bb7db4d0e8fecf582c3fd5f049b539f35a6dbd2fb5f777d757a33e9af861f039fe397c3d8bc49f18345b3f07c2da88d734bd4e7b7ceada858c719cc056425a3b790b29579be70a84a8c3d755f003e2ceb5f13edee2f343d4af7c2bf0ebe1c456d17dbad6d025aeb0c2e4ed862de4f9922467e6c611464820e00f933e21fc38fda13e3d49ff084f896f754f0bfd8434b6c9aedcb585c5eaac723c7969b26e136c257119214900e3ad7b7fc3cf8ad71a6f813c3de07f876faa786743f0ddb7da7503ac342cba95d48d8babc9b6b1df96578a3dcc15117eee79266587aaa94aae264a71bd945376847bb7d5be9d9f91946a53ab8a5469a519cb793b59b49e918f7b2fd4cefdb77c6dac78c3e28df6b9a85ceb571e19f135c41a7693ade93ab1b5b1d1860ca972ec433b2ec63211b0e530a3e65ae47e12f897c37e369bc37a6b78ab491a85be85772da5c5eaff690ba99ae3cadd9672b042fcbb281f33a9c0395af2efdad4c9afcfa4697e0f9ee3c43a1e82cf777324b76dfd991cd3ca5d76463223841e164e0124f2319ad0f06fc4af8c5e07f0ce9375aac9a468f69e2093ecb692deda245e73aa7c91210bb59307ae7e51ce718af7a8e0f0f1c0c2508da5adb5b34bcd7576dee78157329d3cd7fb32bd5e5dadee3719356d3e2d3e4755e35f857e34fd937e24da691aee9fa1f8afc37f15f4a5d4e18b4a8cdb5adec0a989274ce0a489200a181ea738cd7ecf7fc109b49d06efe0d6a57da4e85e22d1a6b331db96d51b7f9eae09251b68c81b403924e79e8457e72fc2bf87763fb417c2bd07fe169788269f5bd06f51edadb4c5dae90973be249cb95f98f24088a9c0e6bf6c3f621f831a6fc1ef813a25a58e9b7da56e87cd36f773896642d8e5caf058e07355c25528e37334dabce9abbd2eaeb4524f64edd8bf10338af4321fecdc47bce524e32578da2b5e5b7da4bbcb63d7ee2dc4911f51c823b57e32ffc168be175bfc5bfda2752f83be1fb7d0ee354f12bdbeae5cddec9344674ded2cc839110086438cee538033d3f64f43d72d3c4fa3dadfe9f7105e58df429716d710c8248a78dd432bab0e194820823820d7c03ff00055aff008256eb9fb40f8f752f1e7c37d49b43f15f8a34e8747d6ae63dc67314402c6f110cbb488f2a47dd3c120e057dcf156552c76122a8a5ed212528b7d1f7ef6f23f26e14cdbea18b93a926a328b4edd7adb5d0fc9ff8f5e2df0f7ec33e0ed33e17f81eeef7c5d797d7296f7525d1328b8b90164598b93fbadac0b244325540cf4c9f13b5ff008285f8dbe0078596efc1fe1bb7b9d1ed5a5b0f11cbaeccb7973ab5c3c8c65dc72acaa0bb6028dbf3e7be07d7dfb587ec216bfb28fc05d2ed356fb5c1e34f0ddd2cb6d6f75fbeb8d7a2642789392d22efdd91ce378f415f10fc22f853a1f8efc5de26f11788b457d4b4fd358ac9a419e587cfbb440d379ca0b32ecc6c2010495c7526bf3acb70b86a742ac71d1e79464f9db5f14afba57d2eb63f6ead88ab8be48e5da29c3dcb74518ddbbea9ed6f567b1fece9fb7cea9f11ac059ddc3a3f86f45d3564d4adf4fd334b69a39919956448a6b891b648dcee6195dac3180ac2b89f8d5a8dc78b3c11e20f1a58b5be9fe13d63c436f12586973036a1a26479966dbd5046dfc402967181d8709f19af23d43c1977f60b39b4db5597ecb6f6f6c597ece0b04310f551923079afa1be13fc16d06cff00e09a5e3af173683ff08ddaeb8b2e90641a879d0992168d5e58e3c1cf98e4bede4a1538e08cf457a785c2db19469f2f34a31515aadf7fd7c8f9ae1dce2be3ad4b1916a54aef9a4ad26f6d36d2d75e879f5e7c70b9bdd2f54b8fb5695a1d9eb9025a6ad058dac30bde6cdce9290142246448f11546f9b6a92b855aa5fb356a1e1ed52c6e2e350f37c4ba5d8b4b149a319255b1b7842a91349231242fcdb17cb22453196276e49c9f04fec336fe12d11356f12e9dacdeab384b8d39fcf42dbc23234528015418df396e015c60e2be80bdff008272fc4af077c29b5d27e12f85f5cf145bf8da78aea49f4cb75975136b1a95f2e7284089559ce1830593ef301b401d74e584a939e129546e76b2b796efe47b79f66d5a953a75de1e295ef2e66efd3676edb1fa89ff0004bafd8d7e14f887c3163e308f47d234dbed42ca28f4fb057f31ad70db9a4cc9925dfe5520e46d5040049afd18d2ec96c6d1624558e34e1157a015f1bffc12dff614d5bf669f831e195f1444d3789ad6cd64b949277912c6e1c65a2e4e1b60214b0e091915f665e5f45a7d9c934f22450c285e491d82aa28192493d001cd7d6f09e0f1986c27b3c6c62a516d271ddc7a3979fe07e37c5d8ea38acc253c2ce5283d527d1f65e48fc41ff837cffe0b496de0292c7e00fc58bf874fd16375b7f066bb3cb88acd98f1a74ecd80a849fdd393804ec381b6bf6f1f1711f4efdebf8d3f1c783350d16dbcf5b39232ec63923950e58e33819eb81ce457e8f7fc129ffe0e38f17feca363a5f817e3658eb5e36f86f6b1adb58ebd6ead71ad787631801655273756ea3a73e6a0e85c0007ab83c645c6d27a7733ccb29a8e4ea534f9b768f52ff82f35cf8cbc67fb545c694be34d27441a2c30cba2d83e205313ab8919a6e02bf000dd9049c6457c1ff0ef40bed1fe26c9a5d9c3a8df6b7089efaf2f171b2d6478e37f3240bf23fc8ae320f279ea2bf743e3bfecb5f02bfe0b4ff0cb49f19f833c7d677534698b6d77429a399829c1315c42e372918194902b0f4aa7f077fe081df08fc27e19b15f13c373e22f1259df0bb7d6209a4b36ba404110491a9dad19c0cae306be2b15c338eab88aa934e326ddeebfa67ecd90f8a193e072aa187c45397b4a4947952ecf5b5f64fe67c2bf02bfe0959e34f8aff01d75d87c3f6fa845e27b537f1a2c8aaceb365933b8a8607af5c83d6b9ffdb27fe097de34f829fb164fe17d3ece1ba9cea6b7f25b4731b6b7b680e6570bb4150fbd5371500b6deb5fbc1a0f82ecfc3da643676d0ac56f6e8238d1400aa07a0e958bf15fe0fd8fc4ef09de6973c36fb6f23319791776c1d881ea0f35ef53e17a584a529e1d734edb3d9b4b4df6d7a9f9be65c7b8acc717cf89b28395f45aa4ddcfc4efd97be1378e7e2e78ef4ef066aab6b75aee9b6d6e6fa282228b2fc88a65321cf9607cdc8c33138e82bf667f67af80561f07bc2d0c51c31b5f346a279bf89c8edf4cf354fe07fecb1a2fc13591ecff00d22fae486b9bb740259dbd5881ee78ed9ae83e377ed17e09fd9c3c0d79e24f1c78a345f0be87a7aee9ef350ba58224f41963f331c70ab927b0358f0bf0bc701fed789b3ad25af68df74be7d7a95c6fc6f573baaa8d156a51d977b6973b23b601e83debf17ffe0e1bff0082cfc5a8e87af7ecedf077568eeaf2e51ad3c75af5a4df258c0461f4d8645eb2b8e2520fcab94eac71e45ff055cff839835af8f91dff00c3dfd9f3fb53c39e14bbdd6da878c278cc17fa8467865b38cfcd021e479aff003907e50bd6be14fd8b3e0a2fc67fda4fe1ef81da43349e2ef11d9d83ee7ce43c9ba46249e5b6863cf26be83158ad553a7d59f3797e569275abecba1fffd9);

-- --------------------------------------------------------

--
-- Table structure for table `orders`
--

CREATE TABLE `orders` (
  `id` int(11) NOT NULL,
  `customer_id` int(11) NOT NULL,
  `address` varchar(300) NOT NULL,
  `description` varchar(300) NOT NULL,
  `date` datetime NOT NULL DEFAULT current_timestamp(),
  `payment_type` varchar(16) NOT NULL DEFAULT 'Wallet',
  `total` int(11) NOT NULL,
  `status` varchar(25) NOT NULL DEFAULT '''Yet to be delivered''',
  `deleted` tinyint(4) NOT NULL DEFAULT 0,
  `paymet_id` varchar(255) DEFAULT NULL
) ENGINE=InnoDB DEFAULT CHARSET=latin1 COLLATE=latin1_swedish_ci;

--
-- Dumping data for table `orders`
--

INSERT INTO `orders` (`id`, `customer_id`, `address`, `description`, `date`, `payment_type`, `total`, `status`, `deleted`, `paymet_id`) VALUES
(13, 14, 'Durgamandap', 'my note', '2024-05-25 11:42:12', 'Online', 570, 'Yet to be delivered', 0, NULL),
(14, 14, 'Durgamandap', 'note 2', '2024-05-25 11:54:17', 'Online', 720, '\'Yet to be delivered\'', 0, 'pay_OEcsxhebHzu8AS'),
(15, 14, 'Durgamandap', 'my long note ', '2024-05-25 12:08:42', 'COD', 1270, '\'Yet to be delivered\'', 0, ''),
(16, 14, 'Durgamandap', 'my all ', '2024-05-25 12:24:19', 'Online', 1270, '\'Yet to be delivered\'', 0, 'pay_OEdPbDlJ3EYlIM'),
(17, 14, 'Durgamandap', 'cod', '2024-05-25 12:25:43', 'COD', 1520, '\'Yet to be delivered\'', 0, '');

-- --------------------------------------------------------

--
-- Table structure for table `order_details`
--

CREATE TABLE `order_details` (
  `id` int(11) NOT NULL,
  `order_id` int(11) NOT NULL,
  `item_id` int(11) NOT NULL,
  `quantity` int(11) NOT NULL,
  `price` int(11) NOT NULL
) ENGINE=InnoDB DEFAULT CHARSET=latin1 COLLATE=latin1_swedish_ci;

--
-- Dumping data for table `order_details`
--

INSERT INTO `order_details` (`id`, `order_id`, `item_id`, `quantity`, `price`) VALUES
(13, 13, 1, 3, 300),
(14, 13, 3, 2, 120),
(15, 13, 4, 3, 150),
(16, 14, 1, 3, 300),
(17, 14, 3, 2, 120),
(18, 14, 4, 6, 300),
(19, 15, 1, 1, 100),
(20, 15, 3, 1, 60),
(21, 15, 4, 1, 50),
(22, 15, 5, 3, 180),
(23, 15, 2, 2, 300),
(24, 15, 7, 6, 360),
(25, 15, 8, 3, 180),
(26, 15, 6, 1, 40),
(27, 16, 1, 1, 100),
(28, 16, 3, 1, 60),
(29, 16, 4, 1, 50),
(30, 16, 5, 3, 180),
(31, 16, 2, 2, 300),
(32, 16, 7, 6, 360),
(33, 16, 8, 3, 180),
(34, 16, 6, 1, 40),
(35, 17, 1, 1, 100),
(36, 17, 3, 1, 60),
(37, 17, 4, 6, 300),
(38, 17, 5, 3, 180),
(39, 17, 2, 2, 300),
(40, 17, 7, 6, 360),
(41, 17, 8, 3, 180),
(42, 17, 6, 1, 40);

-- --------------------------------------------------------

--
-- Table structure for table `tickets`
--

CREATE TABLE `tickets` (
  `id` int(11) NOT NULL,
  `poster_id` int(11) NOT NULL,
  `subject` varchar(100) NOT NULL,
  `description` varchar(3000) NOT NULL,
  `status` varchar(8) NOT NULL DEFAULT 'Open',
  `type` varchar(30) NOT NULL DEFAULT 'Others',
  `date` datetime NOT NULL DEFAULT current_timestamp(),
  `deleted` tinyint(4) NOT NULL DEFAULT 0
) ENGINE=InnoDB DEFAULT CHARSET=latin1 COLLATE=latin1_swedish_ci;

--
-- Dumping data for table `tickets`
--

INSERT INTO `tickets` (`id`, `poster_id`, `subject`, `description`, `status`, `type`, `date`, `deleted`) VALUES
(1, 11, 'worst food', 'worst food and bad quality', 'Closed', 'Complaint', '2024-05-15 11:10:34', 0);

-- --------------------------------------------------------

--
-- Table structure for table `ticket_details`
--

CREATE TABLE `ticket_details` (
  `id` int(11) NOT NULL,
  `ticket_id` int(11) NOT NULL,
  `user_id` int(11) NOT NULL,
  `description` varchar(1000) NOT NULL,
  `date` datetime NOT NULL DEFAULT current_timestamp()
) ENGINE=InnoDB DEFAULT CHARSET=latin1 COLLATE=latin1_swedish_ci;

--
-- Dumping data for table `ticket_details`
--

INSERT INTO `ticket_details` (`id`, `ticket_id`, `user_id`, `description`, `date`) VALUES
(1, 1, 11, 'Food is not ready need help', '2024-05-13 21:30:51'),
(2, 1, 1, 'food order is cancelled', '2024-05-13 21:31:41'),
(3, 1, 11, 'i need food anyhow\r\n', '2024-05-13 21:32:36'),
(4, 1, 11, 'worst food and bad quality', '2024-05-15 11:10:34');

-- --------------------------------------------------------

--
-- Table structure for table `users`
--

CREATE TABLE `users` (
  `id` int(11) NOT NULL,
  `role` varchar(15) NOT NULL DEFAULT 'Customer',
  `name` varchar(15) NOT NULL,
  `username` varchar(100) NOT NULL,
  `password` varchar(16) NOT NULL,
  `email` varchar(35) DEFAULT NULL,
  `address` varchar(300) DEFAULT NULL,
  `contact` bigint(11) NOT NULL,
  `verified` tinyint(1) NOT NULL DEFAULT 0,
  `deleted` tinyint(4) NOT NULL DEFAULT 0
) ENGINE=InnoDB DEFAULT CHARSET=latin1 COLLATE=latin1_swedish_ci;

--
-- Dumping data for table `users`
--

INSERT INTO `users` (`id`, `role`, `name`, `username`, `password`, `email`, `address`, `contact`, `verified`, `deleted`) VALUES
(1, 'Administrator', 'Admin 1', 'admin', 'admin', '', 'Address 1', 9898000000, 1, 0),
(2, 'Customer', 'Customer 1', 'user1', 'pass1', 'mail2@example.com', 'Address 2', 9898000001, 1, 0),
(3, 'Administrator', 'somnath', 'somnath', '123456', NULL, NULL, 9123456789, 1, 0),
(4, 'Administrator', 'narendra', 'narendranathpanda', '123456', 'narendra@gmail.com', 'kolkata', 2233555444, 1, 0),
(10, 'Customer', 'narendra', 'abcde', '00000000', 'mr.narendranathpanda@gmail.com', 'kolkata, haldiram', 321456987, 0, 0),
(11, 'Customer', 'Chayan S', 'chayans', '12345', 'chayan@gmail.com', 'Tecb room 112 building 1', 78554785211, 1, 0),
(14, 'Customer', 'somn', 'som', '12345', NULL, NULL, 8617526343, 1, 0);

-- --------------------------------------------------------

--
-- Table structure for table `wallet`
--

CREATE TABLE `wallet` (
  `id` int(11) NOT NULL,
  `customer_id` int(11) NOT NULL
) ENGINE=InnoDB DEFAULT CHARSET=latin1 COLLATE=latin1_swedish_ci;

--
-- Dumping data for table `wallet`
--

INSERT INTO `wallet` (`id`, `customer_id`) VALUES
(1, 1),
(2, 2),
(3, 3),
(4, 4),
(5, 5),
(6, 6),
(7, 7),
(8, 8),
(9, 9),
(10, 10),
(11, 11),
(12, 14);

-- --------------------------------------------------------

--
-- Table structure for table `wallet_details`
--

CREATE TABLE `wallet_details` (
  `id` int(11) NOT NULL,
  `wallet_id` int(11) NOT NULL,
  `number` varchar(16) NOT NULL,
  `cvv` int(3) NOT NULL,
  `balance` int(11) NOT NULL DEFAULT 2000
) ENGINE=InnoDB DEFAULT CHARSET=latin1 COLLATE=latin1_swedish_ci;

--
-- Dumping data for table `wallet_details`
--

INSERT INTO `wallet_details` (`id`, `wallet_id`, `number`, `cvv`, `balance`) VALUES
(1, 1, '6155247490533921', 983, 3430),
(2, 2, '1887587142382050', 772, 1850),
(3, 3, '4595809639046830', 532, 1585),
(4, 4, '5475856443351234', 521, 2000),
(5, 5, '9076633115663264', 229, 2000),
(6, 6, '5647187738843860', 768, 2000),
(7, 7, '2514747678902921', 631, 2000),
(8, 8, '5004083437375405', 583, 4000),
(9, 9, '2341845510896185', 898, 2000),
(10, 10, '3836713289917992', 597, 2000),
(11, 11, '8945869419198102', 600, 5400),
(12, 12, '8598161502739656', 464, 2000);

--
-- Indexes for dumped tables
--

--
-- Indexes for table `items`
--
ALTER TABLE `items`
  ADD PRIMARY KEY (`id`),
  ADD UNIQUE KEY `name` (`name`),
  ADD UNIQUE KEY `id` (`id`);

--
-- Indexes for table `orders`
--
ALTER TABLE `orders`
  ADD PRIMARY KEY (`id`),
  ADD UNIQUE KEY `id` (`id`),
  ADD KEY `customer_id` (`customer_id`);

--
-- Indexes for table `order_details`
--
ALTER TABLE `order_details`
  ADD PRIMARY KEY (`id`),
  ADD UNIQUE KEY `id` (`id`),
  ADD KEY `item_id` (`item_id`),
  ADD KEY `order_id` (`order_id`);

--
-- Indexes for table `tickets`
--
ALTER TABLE `tickets`
  ADD PRIMARY KEY (`id`),
  ADD KEY `poster_id` (`poster_id`);

--
-- Indexes for table `ticket_details`
--
ALTER TABLE `ticket_details`
  ADD PRIMARY KEY (`id`),
  ADD KEY `ticket_id` (`ticket_id`),
  ADD KEY `user_id` (`user_id`);

--
-- Indexes for table `users`
--
ALTER TABLE `users`
  ADD PRIMARY KEY (`id`),
  ADD UNIQUE KEY `username` (`username`),
  ADD UNIQUE KEY `id` (`id`);

--
-- Indexes for table `wallet`
--
ALTER TABLE `wallet`
  ADD PRIMARY KEY (`id`),
  ADD UNIQUE KEY `customer_id` (`customer_id`),
  ADD UNIQUE KEY `id` (`id`);

--
-- Indexes for table `wallet_details`
--
ALTER TABLE `wallet_details`
  ADD PRIMARY KEY (`id`),
  ADD UNIQUE KEY `wallet_id` (`wallet_id`),
  ADD UNIQUE KEY `id` (`id`);

--
-- AUTO_INCREMENT for dumped tables
--

--
-- AUTO_INCREMENT for table `items`
--
ALTER TABLE `items`
  MODIFY `id` int(11) NOT NULL AUTO_INCREMENT, AUTO_INCREMENT=9;

--
-- AUTO_INCREMENT for table `orders`
--
ALTER TABLE `orders`
  MODIFY `id` int(11) NOT NULL AUTO_INCREMENT, AUTO_INCREMENT=18;

--
-- AUTO_INCREMENT for table `order_details`
--
ALTER TABLE `order_details`
  MODIFY `id` int(11) NOT NULL AUTO_INCREMENT, AUTO_INCREMENT=43;

--
-- AUTO_INCREMENT for table `tickets`
--
ALTER TABLE `tickets`
  MODIFY `id` int(11) NOT NULL AUTO_INCREMENT, AUTO_INCREMENT=2;

--
-- AUTO_INCREMENT for table `ticket_details`
--
ALTER TABLE `ticket_details`
  MODIFY `id` int(11) NOT NULL AUTO_INCREMENT, AUTO_INCREMENT=5;

--
-- AUTO_INCREMENT for table `users`
--
ALTER TABLE `users`
  MODIFY `id` int(11) NOT NULL AUTO_INCREMENT, AUTO_INCREMENT=15;

--
-- AUTO_INCREMENT for table `wallet`
--
ALTER TABLE `wallet`
  MODIFY `id` int(11) NOT NULL AUTO_INCREMENT, AUTO_INCREMENT=13;

--
-- AUTO_INCREMENT for table `wallet_details`
--
ALTER TABLE `wallet_details`
  MODIFY `id` int(11) NOT NULL AUTO_INCREMENT, AUTO_INCREMENT=13;

--
-- Constraints for dumped tables
--

--
-- Constraints for table `orders`
--
ALTER TABLE `orders`
  ADD CONSTRAINT `orders_ibfk_1` FOREIGN KEY (`customer_id`) REFERENCES `users` (`id`);

--
-- Constraints for table `order_details`
--
ALTER TABLE `order_details`
  ADD CONSTRAINT `order_details_ibfk_1` FOREIGN KEY (`item_id`) REFERENCES `items` (`id`),
  ADD CONSTRAINT `order_details_ibfk_2` FOREIGN KEY (`order_id`) REFERENCES `orders` (`id`);

--
-- Constraints for table `tickets`
--
ALTER TABLE `tickets`
  ADD CONSTRAINT `tickets_ibfk_1` FOREIGN KEY (`poster_id`) REFERENCES `users` (`id`);

--
-- Constraints for table `ticket_details`
--
ALTER TABLE `ticket_details`
  ADD CONSTRAINT `ticket_details_ibfk_1` FOREIGN KEY (`ticket_id`) REFERENCES `tickets` (`id`),
  ADD CONSTRAINT `ticket_details_ibfk_2` FOREIGN KEY (`user_id`) REFERENCES `users` (`id`);
COMMIT;

/*!40101 SET CHARACTER_SET_CLIENT=@OLD_CHARACTER_SET_CLIENT */;
/*!40101 SET CHARACTER_SET_RESULTS=@OLD_CHARACTER_SET_RESULTS */;
/*!40101 SET COLLATION_CONNECTION=@OLD_COLLATION_CONNECTION */;
